cve_id,cve_type,buffer_overflow,cvssv3
CVE-2019-0001,CWE-400,FALSE,5.9
CVE-2019-0002,CWE-20,FALSE,9.8
CVE-2019-0003,CWE-20,FALSE,5.9
CVE-2019-0004,CWE-200,FALSE,5.5
CVE-2019-0005,CWE-400,FALSE,5.3
CVE-2019-0006,CWE-20,FALSE,9.8
CVE-2019-0007,CWE-254,FALSE,10
CVE-2019-0008,CWE-119,TRUE,9.8
CVE-2019-0009,CWE-20,FALSE,5.5
CVE-2019-0010,CWE-399,FALSE,7.5
CVE-2019-0011,CWE-20,FALSE,6.5
CVE-2019-0012,CWE-19,FALSE,5.9
CVE-2019-0013,CWE-19,FALSE,7.5
CVE-2019-0014,CWE-19,FALSE,7.5
CVE-2019-0015,CWE-287,FALSE,5.4
CVE-2019-0016,CWE-284,FALSE,6.5
CVE-2019-0017,CWE-434,FALSE,8.8
CVE-2019-0018,CWE-79,FALSE,5.4
CVE-2019-0019,CWE-20,FALSE,7.5
CVE-2019-0020,CWE-798,FALSE,9.8
CVE-2019-0021,CWE-532,FALSE,5.5
CVE-2019-0022,CWE-798,FALSE,9.8
CVE-2019-0023,CWE-79,FALSE,5.4
CVE-2019-0024,CWE-79,FALSE,5.4
CVE-2019-0025,CWE-79,FALSE,5.4
CVE-2019-0026,CWE-79,FALSE,5.4
CVE-2019-0027,CWE-79,FALSE,5.4
CVE-2019-0028,CWE-20,FALSE,7.5
CVE-2019-0029,CWE-255,FALSE,7.8
CVE-2019-0030,CWE-326,FALSE,7.2
CVE-2019-0031,CWE-399,FALSE,7.5
CVE-2019-0032,CWE-255,FALSE,7.8
CVE-2019-0033,CWE-400,FALSE,7.5
CVE-2019-0034,,FALSE,-1
CVE-2019-0035,CWE-255,FALSE,6.8
CVE-2019-0036,CWE-254,FALSE,9.8
CVE-2019-0037,CWE-20,FALSE,7.5
CVE-2019-0038,CWE-399,FALSE,6.5
CVE-2019-0039,CWE-255,FALSE,8.1
CVE-2019-0040,CWE-20,FALSE,9.1
CVE-2019-0041,CWE-254,FALSE,8.6
CVE-2019-0042,CWE-20,FALSE,4.2
CVE-2019-0043,CWE-20,FALSE,7.5
CVE-2019-0044,CWE-20,FALSE,7.5
CVE-2019-0088,CWE-264,FALSE,7.8
CVE-2019-0101,CWE-264,FALSE,9.8
CVE-2019-0102,CWE-384,FALSE,8.8
CVE-2019-0103,CWE-200,FALSE,5.5
CVE-2019-0104,CWE-200,FALSE,5.5
CVE-2019-0105,CWE-264,FALSE,7.8
CVE-2019-0106,CWE-20,FALSE,6.7
CVE-2019-0107,CWE-264,FALSE,6.7
CVE-2019-0108,CWE-200,FALSE,5.5
CVE-2019-0109,CWE-264,FALSE,7.8
CVE-2019-0110,CWE-200,FALSE,5.5
CVE-2019-0111,CWE-200,FALSE,5.5
CVE-2019-0112,CWE-20,FALSE,4.4
CVE-2019-0121,CWE-264,FALSE,7.8
CVE-2019-0122,CWE-415,FALSE,7.1
CVE-2019-0127,CWE-200,FALSE,3.9
CVE-2019-0129,CWE-264,FALSE,7.8
CVE-2019-0135,CWE-264,FALSE,7.8
CVE-2019-0158,CWE-264,FALSE,7.8
CVE-2019-0160,CWE-119,TRUE,9.8
CVE-2019-0161,CWE-119,TRUE,5.5
CVE-2019-0162,CWE-200,FALSE,3.8
CVE-2019-0163,CWE-20,FALSE,8.2
CVE-2019-0186,CWE-79,FALSE,6.1
CVE-2019-0187,CWE-502,FALSE,9.8
CVE-2019-0190,CWE-20,FALSE,7.5
CVE-2019-0191,CWE-22,FALSE,6.5
CVE-2019-0192,CWE-502,FALSE,9.8
CVE-2019-0194,CWE-22,FALSE,7.5
CVE-2019-0199,CWE-400,FALSE,7.5
CVE-2019-0200,CWE-20,FALSE,7.5
CVE-2019-0204,CWE-20,FALSE,7.8
CVE-2019-0211,CWE-264,FALSE,7.8
CVE-2019-0212,CWE-285,FALSE,7.5
CVE-2019-0213,CWE-20,FALSE,6.5
CVE-2019-0214,CWE-20,FALSE,6.5
CVE-2019-0215,CWE-284,FALSE,7.5
CVE-2019-0216,CWE-79,FALSE,4.8
CVE-2019-0217,CWE-362,FALSE,7.5
CVE-2019-0218,CWE-79,FALSE,6.1
CVE-2019-0222,CWE-94,FALSE,7.5
CVE-2019-0223,CWE-295,FALSE,7.4
CVE-2019-0224,CWE-79,FALSE,6.1
CVE-2019-0225,CWE-22,FALSE,7.5
CVE-2019-0227,CWE-918,FALSE,7.5
CVE-2019-0228,CWE-611,FALSE,9.8
CVE-2019-0229,CWE-352,FALSE,8.8
CVE-2019-0232,CWE-20,FALSE,8.1
CVE-2019-0238,CWE-79,FALSE,6.1
CVE-2019-0240,CWE-20,FALSE,7.5
CVE-2019-0241,CWE-284,FALSE,7.5
CVE-2019-0243,CWE-264,FALSE,8.8
CVE-2019-0244,CWE-79,FALSE,5.4
CVE-2019-0245,CWE-79,FALSE,5.4
CVE-2019-0246,CWE-287,FALSE,9.8
CVE-2019-0247,CWE-94,FALSE,9.8
CVE-2019-0248,CWE-200,FALSE,5.9
CVE-2019-0249,CWE-200,FALSE,7.5
CVE-2019-0251,CWE-79,FALSE,6.1
CVE-2019-0254,CWE-79,FALSE,5.4
CVE-2019-0255,CWE-20,FALSE,8.1
CVE-2019-0256,CWE-200,FALSE,5.5
CVE-2019-0257,CWE-285,FALSE,8.8
CVE-2019-0258,CWE-285,FALSE,8.8
CVE-2019-0259,CWE-434,FALSE,9.8
CVE-2019-0261,CWE-287,FALSE,9.8
CVE-2019-0262,CWE-79,FALSE,5.4
CVE-2019-0265,CWE-611,FALSE,4.9
CVE-2019-0266,CWE-284,FALSE,7.5
CVE-2019-0267,CWE-352,FALSE,8.8
CVE-2019-0268,CWE-91,FALSE,8.1
CVE-2019-0269,CWE-79,FALSE,5.4
CVE-2019-0270,CWE-264,FALSE,8.8
CVE-2019-0271,CWE-611,FALSE,6.5
CVE-2019-0274,CWE-399,FALSE,7.5
CVE-2019-0275,CWE-79,FALSE,5.4
CVE-2019-0276,CWE-285,FALSE,8.8
CVE-2019-0277,CWE-611,FALSE,6.5
CVE-2019-0278,CWE-200,FALSE,4.3
CVE-2019-0279,CWE-285,FALSE,8.8
CVE-2019-0282,CWE-200,FALSE,5.3
CVE-2019-0283,CWE-284,FALSE,7.1
CVE-2019-0284,CWE-611,FALSE,6
CVE-2019-0285,CWE-200,FALSE,9.8
CVE-2019-0536,CWE-200,FALSE,5.5
CVE-2019-0537,CWE-200,FALSE,5.5
CVE-2019-0538,CWE-119,TRUE,7.8
CVE-2019-0539,CWE-119,TRUE,7.5
CVE-2019-0540,CWE-254,FALSE,5.5
CVE-2019-0541,CWE-20,FALSE,8.8
CVE-2019-0542,CWE-20,FALSE,9.8
CVE-2019-0543,CWE-264,FALSE,7.8
CVE-2019-0545,CWE-200,FALSE,7.5
CVE-2019-0546,CWE-119,TRUE,7.8
CVE-2019-0547,CWE-119,TRUE,9.8
CVE-2019-0548,CWE-19,FALSE,7.5
CVE-2019-0549,CWE-200,FALSE,5.5
CVE-2019-0550,CWE-20,FALSE,8.4
CVE-2019-0551,CWE-20,FALSE,8.4
CVE-2019-0552,CWE-264,FALSE,8.8
CVE-2019-0553,CWE-200,FALSE,5.5
CVE-2019-0554,CWE-200,FALSE,5.5
CVE-2019-0555,CWE-264,FALSE,7.8
CVE-2019-0556,CWE-79,FALSE,5.4
CVE-2019-0557,CWE-79,FALSE,5.4
CVE-2019-0558,CWE-79,FALSE,5.4
CVE-2019-0559,CWE-200,FALSE,6.5
CVE-2019-0560,CWE-200,FALSE,5.5
CVE-2019-0561,CWE-200,FALSE,5.5
CVE-2019-0562,CWE-264,FALSE,5.4
CVE-2019-0564,CWE-19,FALSE,7.5
CVE-2019-0565,CWE-119,TRUE,7.5
CVE-2019-0566,CWE-264,FALSE,8.8
CVE-2019-0567,CWE-119,TRUE,7.5
CVE-2019-0568,CWE-119,TRUE,7.5
CVE-2019-0569,CWE-200,FALSE,5.5
CVE-2019-0570,CWE-264,FALSE,7.8
CVE-2019-0571,CWE-264,FALSE,7.8
CVE-2019-0572,CWE-264,FALSE,7.8
CVE-2019-0573,CWE-264,FALSE,7.8
CVE-2019-0574,CWE-264,FALSE,7.8
CVE-2019-0575,CWE-119,TRUE,7.8
CVE-2019-0576,CWE-119,TRUE,7.8
CVE-2019-0577,CWE-119,TRUE,7.8
CVE-2019-0578,CWE-119,TRUE,7.8
CVE-2019-0579,CWE-119,TRUE,7.8
CVE-2019-0580,CWE-119,TRUE,7.8
CVE-2019-0581,CWE-119,TRUE,7.8
CVE-2019-0582,CWE-119,TRUE,7.8
CVE-2019-0583,CWE-119,TRUE,7.8
CVE-2019-0584,CWE-119,TRUE,7.8
CVE-2019-0585,CWE-20,FALSE,8.8
CVE-2019-0586,CWE-119,TRUE,9.8
CVE-2019-0588,CWE-200,FALSE,6.5
CVE-2019-0590,CWE-119,TRUE,7.5
CVE-2019-0591,CWE-119,TRUE,7.5
CVE-2019-0592,CWE-119,TRUE,7.5
CVE-2019-0593,CWE-119,TRUE,7.5
CVE-2019-0594,CWE-20,FALSE,7.8
CVE-2019-0595,CWE-119,TRUE,7.8
CVE-2019-0596,CWE-119,TRUE,7.8
CVE-2019-0597,CWE-119,TRUE,7.8
CVE-2019-0598,CWE-119,TRUE,7.8
CVE-2019-0599,CWE-119,TRUE,7.8
CVE-2019-0600,CWE-200,FALSE,4.7
CVE-2019-0601,CWE-200,FALSE,4.7
CVE-2019-0602,CWE-200,FALSE,6.5
CVE-2019-0603,CWE-264,FALSE,7.5
CVE-2019-0604,CWE-20,FALSE,7.8
CVE-2019-0605,CWE-119,TRUE,7.5
CVE-2019-0606,CWE-119,TRUE,7.5
CVE-2019-0607,CWE-119,TRUE,7.5
CVE-2019-0609,CWE-119,TRUE,7.5
CVE-2019-0610,CWE-119,TRUE,7.5
CVE-2019-0611,CWE-119,TRUE,7.5
CVE-2019-0612,CWE-254,FALSE,5.3
CVE-2019-0613,CWE-119,TRUE,8.8
CVE-2019-0614,CWE-200,FALSE,6.5
CVE-2019-0615,CWE-200,FALSE,6.5
CVE-2019-0616,CWE-200,FALSE,6.5
CVE-2019-0617,CWE-119,TRUE,7.8
CVE-2019-0618,CWE-119,TRUE,8.8
CVE-2019-0619,CWE-200,FALSE,6.5
CVE-2019-0621,CWE-200,FALSE,5.5
CVE-2019-0622,CWE-264,FALSE,4.6
CVE-2019-0623,CWE-264,FALSE,7.8
CVE-2019-0624,CWE-20,FALSE,5.4
CVE-2019-0625,CWE-119,TRUE,7.8
CVE-2019-0626,CWE-119,TRUE,9.8
CVE-2019-0627,CWE-264,FALSE,7.8
CVE-2019-0628,CWE-200,FALSE,5.5
CVE-2019-0630,CWE-19,FALSE,8.8
CVE-2019-0631,CWE-264,FALSE,7.8
CVE-2019-0632,CWE-264,FALSE,7.8
CVE-2019-0633,CWE-19,FALSE,8.8
CVE-2019-0634,CWE-119,TRUE,7.5
CVE-2019-0635,CWE-200,FALSE,6.2
CVE-2019-0636,CWE-200,FALSE,5.5
CVE-2019-0637,CWE-254,FALSE,7.5
CVE-2019-0639,CWE-119,TRUE,7.5
CVE-2019-0640,CWE-119,TRUE,7.5
CVE-2019-0641,CWE-254,FALSE,5.9
CVE-2019-0642,CWE-119,TRUE,7.5
CVE-2019-0643,CWE-200,FALSE,4.3
CVE-2019-0644,CWE-119,TRUE,7.5
CVE-2019-0645,CWE-119,TRUE,7.5
CVE-2019-0646,CWE-79,FALSE,5.4
CVE-2019-0647,CWE-200,FALSE,6.5
CVE-2019-0648,CWE-200,FALSE,4.3
CVE-2019-0649,CWE-264,FALSE,8.1
CVE-2019-0650,CWE-119,TRUE,7.5
CVE-2019-0651,CWE-119,TRUE,7.5
CVE-2019-0652,CWE-119,TRUE,7.5
CVE-2019-0654,CWE-20,FALSE,4.3
CVE-2019-0655,CWE-119,TRUE,7.5
CVE-2019-0656,CWE-264,FALSE,7
CVE-2019-0657,CWE-20,FALSE,5.9
CVE-2019-0658,CWE-200,FALSE,6.5
CVE-2019-0659,CWE-264,FALSE,7
CVE-2019-0660,CWE-200,FALSE,6.5
CVE-2019-0661,CWE-200,FALSE,5.5
CVE-2019-0662,CWE-119,TRUE,8.8
CVE-2019-0663,CWE-200,FALSE,5.5
CVE-2019-0664,CWE-200,FALSE,6.5
CVE-2019-0665,CWE-119,TRUE,7.5
CVE-2019-0666,CWE-119,TRUE,7.5
CVE-2019-0667,CWE-119,TRUE,7.5
CVE-2019-0668,CWE-264,FALSE,8.8
CVE-2019-0669,CWE-200,FALSE,6.5
CVE-2019-0670,CWE-20,FALSE,6.1
CVE-2019-0671,CWE-119,TRUE,7.8
CVE-2019-0672,CWE-119,TRUE,7.8
CVE-2019-0673,CWE-119,TRUE,7.8
CVE-2019-0674,CWE-119,TRUE,7.8
CVE-2019-0675,CWE-119,TRUE,7.8
CVE-2019-0676,CWE-200,FALSE,6.5
CVE-2019-0678,CWE-264,FALSE,6.8
CVE-2019-0680,CWE-119,TRUE,7.5
CVE-2019-0682,CWE-190,FALSE,7.8
CVE-2019-0683,CWE-264,FALSE,5.9
CVE-2019-0685,CWE-264,FALSE,7.8
CVE-2019-0686,CWE-264,FALSE,7.4
CVE-2019-0688,CWE-200,FALSE,7.5
CVE-2019-0689,CWE-190,FALSE,7.8
CVE-2019-0690,CWE-20,FALSE,6.8
CVE-2019-0692,CWE-190,FALSE,7.8
CVE-2019-0693,CWE-190,FALSE,7.8
CVE-2019-0694,CWE-190,FALSE,7.8
CVE-2019-0695,CWE-20,FALSE,6.8
CVE-2019-0696,CWE-264,FALSE,7.8
CVE-2019-0697,CWE-119,TRUE,9.8
CVE-2019-0698,CWE-119,TRUE,9.8
CVE-2019-0701,CWE-20,FALSE,6.8
CVE-2019-0702,CWE-200,FALSE,5.5
CVE-2019-0703,CWE-200,FALSE,6.5
CVE-2019-0704,CWE-200,FALSE,6.5
CVE-2019-0724,CWE-264,FALSE,8.1
CVE-2019-0726,CWE-119,TRUE,9.8
CVE-2019-0728,CWE-94,FALSE,7.8
CVE-2019-0729,CWE-332,FALSE,9.8
CVE-2019-0730,CWE-264,FALSE,7.8
CVE-2019-0731,CWE-264,FALSE,7.8
CVE-2019-0732,CWE-254,FALSE,7.8
CVE-2019-0735,CWE-264,FALSE,7.8
CVE-2019-0739,CWE-119,TRUE,7.5
CVE-2019-0741,CWE-532,FALSE,7.5
CVE-2019-0742,CWE-79,FALSE,5.4
CVE-2019-0743,CWE-79,FALSE,5.4
CVE-2019-0746,CWE-200,FALSE,6.5
CVE-2019-0748,CWE-119,TRUE,7.8
CVE-2019-0752,CWE-119,TRUE,7.5
CVE-2019-0753,CWE-119,TRUE,7.5
CVE-2019-0754,CWE-119,TRUE,5.5
CVE-2019-0755,CWE-200,FALSE,5.5
CVE-2019-0756,CWE-611,FALSE,8.8
CVE-2019-0757,CWE-284,FALSE,6.5
CVE-2019-0759,CWE-200,FALSE,5.5
CVE-2019-0761,CWE-254,FALSE,6.5
CVE-2019-0762,CWE-254,FALSE,4.3
CVE-2019-0763,CWE-119,TRUE,7.5
CVE-2019-0764,CWE-20,FALSE,6.5
CVE-2019-0765,CWE-119,TRUE,8.8
CVE-2019-0766,CWE-264,FALSE,7.8
CVE-2019-0767,CWE-200,FALSE,5.5
CVE-2019-0768,CWE-254,FALSE,4.3
CVE-2019-0769,CWE-119,TRUE,7.5
CVE-2019-0770,CWE-119,TRUE,7.5
CVE-2019-0771,CWE-119,TRUE,7.5
CVE-2019-0772,CWE-119,TRUE,8.8
CVE-2019-0773,CWE-119,TRUE,7.5
CVE-2019-0774,CWE-200,FALSE,6.5
CVE-2019-0775,CWE-200,FALSE,4.7
CVE-2019-0776,CWE-200,FALSE,5.5
CVE-2019-0777,CWE-79,FALSE,5.4
CVE-2019-0778,CWE-79,FALSE,5.4
CVE-2019-0779,CWE-119,TRUE,7.5
CVE-2019-0780,CWE-119,TRUE,7.5
CVE-2019-0782,CWE-200,FALSE,5.5
CVE-2019-0783,CWE-119,TRUE,7.5
CVE-2019-0784,CWE-119,TRUE,7.5
CVE-2019-0786,CWE-264,FALSE,9.8
CVE-2019-0790,CWE-611,FALSE,8.8
CVE-2019-0791,CWE-611,FALSE,8.8
CVE-2019-0792,CWE-611,FALSE,8.8
CVE-2019-0793,CWE-611,FALSE,8.8
CVE-2019-0794,CWE-119,TRUE,8.8
CVE-2019-0795,CWE-611,FALSE,8.8
CVE-2019-0796,CWE-264,FALSE,5.5
CVE-2019-0797,CWE-264,FALSE,7.8
CVE-2019-0798,CWE-20,FALSE,6.1
CVE-2019-0801,CWE-19,FALSE,7.8
CVE-2019-0802,CWE-200,FALSE,6.5
CVE-2019-0803,CWE-264,FALSE,7.8
CVE-2019-0804,CWE-200,FALSE,6.5
CVE-2019-0805,CWE-264,FALSE,7.8
CVE-2019-0806,CWE-119,TRUE,7.5
CVE-2019-0808,CWE-264,FALSE,7.8
CVE-2019-0809,CWE-426,FALSE,7.8
CVE-2019-0810,CWE-119,TRUE,7.5
CVE-2019-0812,CWE-119,TRUE,7.5
CVE-2019-0813,CWE-264,FALSE,9.8
CVE-2019-0814,CWE-200,FALSE,5.5
CVE-2019-0815,CWE-19,FALSE,7.5
CVE-2019-0816,CWE-254,FALSE,5.1
CVE-2019-0817,CWE-19,FALSE,5.4
CVE-2019-0821,CWE-200,FALSE,6.5
CVE-2019-0822,CWE-119,TRUE,7.8
CVE-2019-0823,CWE-20,FALSE,7.8
CVE-2019-0824,CWE-20,FALSE,7.8
CVE-2019-0825,CWE-20,FALSE,7.8
CVE-2019-0826,CWE-20,FALSE,7.8
CVE-2019-0827,CWE-20,FALSE,7.8
CVE-2019-0828,CWE-119,TRUE,7.8
CVE-2019-0829,CWE-119,TRUE,7.5
CVE-2019-0830,CWE-79,FALSE,5.4
CVE-2019-0831,CWE-79,FALSE,5.4
CVE-2019-0833,CWE-200,FALSE,6.5
CVE-2019-0835,CWE-200,FALSE,6.5
CVE-2019-0836,CWE-264,FALSE,7.8
CVE-2019-0837,CWE-200,FALSE,5.5
CVE-2019-0838,CWE-200,FALSE,7.8
CVE-2019-0839,CWE-200,FALSE,4.4
CVE-2019-0840,CWE-200,FALSE,5.5
CVE-2019-0841,CWE-264,FALSE,7.8
CVE-2019-0842,CWE-119,TRUE,8.8
CVE-2019-0844,CWE-200,FALSE,5.5
CVE-2019-0845,CWE-20,FALSE,8.8
CVE-2019-0846,CWE-119,TRUE,7.8
CVE-2019-0847,CWE-119,TRUE,7.8
CVE-2019-0848,CWE-200,FALSE,5.5
CVE-2019-0849,CWE-200,FALSE,6.5
CVE-2019-0851,CWE-119,TRUE,7.8
CVE-2019-0853,CWE-119,TRUE,8.8
CVE-2019-0856,CWE-119,TRUE,7.2
CVE-2019-0857,CWE-20,FALSE,6.5
CVE-2019-0858,CWE-20,FALSE,6.1
CVE-2019-0859,CWE-264,FALSE,7.8
CVE-2019-0860,CWE-119,TRUE,7.5
CVE-2019-0861,CWE-119,TRUE,7.5
CVE-2019-0862,CWE-119,TRUE,7.5
CVE-2019-0866,CWE-79,FALSE,6.1
CVE-2019-0867,CWE-79,FALSE,6.1
CVE-2019-0868,CWE-79,FALSE,6.1
CVE-2019-0869,CWE-74,FALSE,6.1
CVE-2019-0870,CWE-79,FALSE,6.1
CVE-2019-0871,CWE-79,FALSE,6.1
CVE-2019-0874,CWE-79,FALSE,6.1
CVE-2019-0875,CWE-264,FALSE,7.5
CVE-2019-0876,CWE-200,FALSE,5.9
CVE-2019-0877,CWE-119,TRUE,7.8
CVE-2019-0879,CWE-119,TRUE,7.8
CVE-2019-1000001,CWE-255,FALSE,9.8
CVE-2019-1000002,CWE-284,FALSE,6.5
CVE-2019-1000003,CWE-352,FALSE,8.8
CVE-2019-1000004,CWE-79,FALSE,6.1
CVE-2019-1000005,CWE-502,FALSE,8.8
CVE-2019-1000006,CWE-119,TRUE,9.8
CVE-2019-1000007,CWE-19,FALSE,7.4
CVE-2019-1000008,CWE-22,FALSE,6.5
CVE-2019-1000009,CWE-22,FALSE,6.5
CVE-2019-1000010,CWE-79,FALSE,6.1
CVE-2019-1000011,CWE-284,FALSE,6.5
CVE-2019-1000012,CWE-20,FALSE,8.8
CVE-2019-1000013,CWE-20,FALSE,8.8
CVE-2019-1000014,CWE-20,FALSE,8.8
CVE-2019-1000015,CWE-79,FALSE,6.1
CVE-2019-1000016,CWE-129,FALSE,6.5
CVE-2019-1000017,CWE-284,FALSE,6.5
CVE-2019-1000018,CWE-77,FALSE,7.8
CVE-2019-1000019,CWE-125,FALSE,6.5
CVE-2019-1000020,CWE-400,FALSE,6.5
CVE-2019-1000021,CWE-284,FALSE,7.5
CVE-2019-1000022,CWE-352,FALSE,8.8
CVE-2019-1000023,CWE-89,FALSE,9.8
CVE-2019-1000024,CWE-79,FALSE,6.1
CVE-2019-1000031,CWE-400,FALSE,7.5
CVE-2019-10008,CWE-384,FALSE,8.8
CVE-2019-10010,CWE-79,FALSE,6.1
CVE-2019-10011,CWE-798,FALSE,9.8
CVE-2019-10012,CWE-434,FALSE,7.5
CVE-2019-10014,CWE-284,FALSE,6.5
CVE-2019-10015,CWE-20,FALSE,7.2
CVE-2019-10016,CWE-79,FALSE,6.1
CVE-2019-10017,CWE-79,FALSE,6.1
CVE-2019-10018,CWE-369,FALSE,5.5
CVE-2019-10019,CWE-369,FALSE,5.5
CVE-2019-10020,CWE-369,FALSE,5.5
CVE-2019-10021,CWE-369,FALSE,5.5
CVE-2019-1002100,CWE-400,FALSE,6.5
CVE-2019-1002101,CWE-59,FALSE,5.5
CVE-2019-10022,CWE-476,FALSE,5.5
CVE-2019-10023,CWE-369,FALSE,5.5
CVE-2019-10024,CWE-369,FALSE,5.5
CVE-2019-10025,CWE-369,FALSE,5.5
CVE-2019-10026,CWE-369,FALSE,5.5
CVE-2019-10027,CWE-79,FALSE,4.8
CVE-2019-1003000,CWE-254,FALSE,8.8
CVE-2019-1003001,CWE-254,FALSE,8.8
CVE-2019-1003002,CWE-254,FALSE,8.8
CVE-2019-1003003,CWE-613,FALSE,7.2
CVE-2019-1003004,CWE-613,FALSE,7.2
CVE-2019-1003005,CWE-264,FALSE,8.8
CVE-2019-1003006,CWE-284,FALSE,8.8
CVE-2019-1003007,CWE-352,FALSE,8.8
CVE-2019-1003008,CWE-352,FALSE,8.8
CVE-2019-1003009,CWE-295,FALSE,7.4
CVE-2019-1003010,CWE-352,FALSE,4.3
CVE-2019-1003011,CWE-20,FALSE,8.1
CVE-2019-1003012,CWE-352,FALSE,6.5
CVE-2019-1003013,CWE-79,FALSE,5.4
CVE-2019-1003014,CWE-79,FALSE,4.8
CVE-2019-1003015,CWE-611,FALSE,9.1
CVE-2019-1003016,CWE-352,FALSE,8.8
CVE-2019-1003017,CWE-352,FALSE,5.3
CVE-2019-1003018,CWE-200,FALSE,4.3
CVE-2019-1003019,CWE-384,FALSE,5.9
CVE-2019-1003020,CWE-918,FALSE,4.3
CVE-2019-1003021,CWE-200,FALSE,4.3
CVE-2019-1003022,CWE-352,FALSE,6.5
CVE-2019-1003023,CWE-79,FALSE,6.1
CVE-2019-1003024,CWE-254,FALSE,8.8
CVE-2019-1003025,CWE-200,FALSE,8.8
CVE-2019-1003026,CWE-918,FALSE,4.3
CVE-2019-1003027,CWE-918,FALSE,4.3
CVE-2019-1003028,CWE-918,FALSE,4.3
CVE-2019-1003029,CWE-254,FALSE,9.9
CVE-2019-1003030,CWE-254,FALSE,9.9
CVE-2019-1003031,CWE-254,FALSE,9.9
CVE-2019-1003032,CWE-254,FALSE,9.9
CVE-2019-1003033,CWE-254,FALSE,8.8
CVE-2019-1003034,CWE-254,FALSE,9.9
CVE-2019-1003035,CWE-200,FALSE,4.3
CVE-2019-1003036,CWE-264,FALSE,4.3
CVE-2019-1003037,CWE-200,FALSE,6.5
CVE-2019-1003038,CWE-255,FALSE,7.8
CVE-2019-1003039,CWE-255,FALSE,8.8
CVE-2019-1003040,CWE-254,FALSE,9.8
CVE-2019-1003041,CWE-254,FALSE,9.8
CVE-2019-1003042,CWE-79,FALSE,5.4
CVE-2019-1003043,CWE-255,FALSE,7.5
CVE-2019-1003044,CWE-352,FALSE,7.1
CVE-2019-1003045,CWE-200,FALSE,6.5
CVE-2019-1003046,CWE-352,FALSE,6.5
CVE-2019-1003047,CWE-275,FALSE,6.5
CVE-2019-1003048,CWE-255,FALSE,7.8
CVE-2019-1003049,CWE-287,FALSE,8.1
CVE-2019-1003050,CWE-79,FALSE,5.4
CVE-2019-1003051,CWE-255,FALSE,8.8
CVE-2019-1003052,CWE-255,FALSE,8.8
CVE-2019-1003053,CWE-255,FALSE,8.8
CVE-2019-1003054,CWE-255,FALSE,8.8
CVE-2019-1003055,CWE-255,FALSE,8.8
CVE-2019-1003056,CWE-255,FALSE,8.8
CVE-2019-1003057,CWE-255,FALSE,8.8
CVE-2019-1003058,CWE-352,FALSE,6.5
CVE-2019-1003059,CWE-275,FALSE,6.5
CVE-2019-1003060,CWE-255,FALSE,8.8
CVE-2019-1003061,CWE-255,FALSE,8.8
CVE-2019-1003062,CWE-255,FALSE,8.8
CVE-2019-1003063,CWE-255,FALSE,8.8
CVE-2019-1003064,CWE-255,FALSE,8.8
CVE-2019-1003065,CWE-255,FALSE,8.8
CVE-2019-1003066,CWE-255,FALSE,8.8
CVE-2019-1003067,CWE-255,FALSE,8.8
CVE-2019-1003068,CWE-255,FALSE,8.8
CVE-2019-1003069,CWE-255,FALSE,8.8
CVE-2019-1003070,CWE-255,FALSE,8.8
CVE-2019-1003071,CWE-255,FALSE,8.8
CVE-2019-1003072,CWE-255,FALSE,8.8
CVE-2019-1003073,CWE-255,FALSE,8.8
CVE-2019-1003074,CWE-255,FALSE,8.8
CVE-2019-1003075,CWE-255,FALSE,8.8
CVE-2019-1003076,CWE-352,FALSE,6.5
CVE-2019-1003077,CWE-275,FALSE,6.5
CVE-2019-1003078,CWE-352,FALSE,6.5
CVE-2019-1003079,CWE-275,FALSE,6.5
CVE-2019-1003080,CWE-352,FALSE,6.5
CVE-2019-1003081,CWE-275,FALSE,6.5
CVE-2019-1003082,CWE-352,FALSE,6.5
CVE-2019-1003083,CWE-275,FALSE,6.5
CVE-2019-1003084,CWE-352,FALSE,6.5
CVE-2019-1003085,CWE-275,FALSE,6.5
CVE-2019-1003086,CWE-352,FALSE,6.5
CVE-2019-1003087,CWE-275,FALSE,6.5
CVE-2019-1003088,CWE-255,FALSE,8.8
CVE-2019-1003089,CWE-255,FALSE,8.8
CVE-2019-1003090,CWE-352,FALSE,6.5
CVE-2019-1003091,CWE-275,FALSE,6.5
CVE-2019-1003092,CWE-352,FALSE,6.5
CVE-2019-1003093,CWE-275,FALSE,6.5
CVE-2019-1003094,CWE-255,FALSE,8.8
CVE-2019-1003095,CWE-255,FALSE,8.8
CVE-2019-1003096,CWE-255,FALSE,8.8
CVE-2019-1003097,CWE-255,FALSE,8.8
CVE-2019-1003098,CWE-352,FALSE,6.5
CVE-2019-1003099,CWE-275,FALSE,6.5
CVE-2019-10039,CWE-285,FALSE,9.8
CVE-2019-10040,CWE-285,FALSE,9.8
CVE-2019-10041,CWE-285,FALSE,9.8
CVE-2019-10042,CWE-285,FALSE,7.5
CVE-2019-10044,CWE-20,FALSE,8.8
CVE-2019-10060,CWE-119,TRUE,8.1
CVE-2019-10061,CWE-77,FALSE,9.8
CVE-2019-10063,CWE-20,FALSE,9
CVE-2019-10068,CWE-502,FALSE,9.8
CVE-2019-1010257,CWE-200,FALSE,9.1
CVE-2019-1010260,CWE-284,FALSE,8.1
CVE-2019-10105,CWE-79,FALSE,5.4
CVE-2019-10106,CWE-79,FALSE,5.4
CVE-2019-10107,CWE-79,FALSE,5.4
CVE-2019-10118,CWE-79,FALSE,6.1
CVE-2019-10124,,FALSE,-1
CVE-2019-10125,CWE-94,FALSE,9.8
CVE-2019-10131,CWE-119,TRUE,7.1
CVE-2019-10231,CWE-287,FALSE,9.8
CVE-2019-10232,CWE-89,FALSE,9.8
CVE-2019-10233,CWE-362,FALSE,8.1
CVE-2019-10237,CWE-352,FALSE,8.8
CVE-2019-10238,CWE-79,FALSE,6.1
CVE-2019-10239,CWE-255,FALSE,7.8
CVE-2019-10240,CWE-310,FALSE,8.1
CVE-2019-10241,CWE-79,FALSE,6.1
CVE-2019-10242,CWE-22,FALSE,5.3
CVE-2019-10243,CWE-200,FALSE,5.3
CVE-2019-10244,CWE-611,FALSE,7.5
CVE-2019-10245,CWE-20,FALSE,7.5
CVE-2019-10246,CWE-200,FALSE,5.3
CVE-2019-10247,CWE-200,FALSE,5.3
CVE-2019-10248,CWE-669,FALSE,8.1
CVE-2019-10250,CWE-310,FALSE,5.9
CVE-2019-10251,CWE-310,FALSE,5.9
CVE-2019-10254,CWE-79,FALSE,6.1
CVE-2019-10255,CWE-601,FALSE,6.1
CVE-2019-10260,CWE-79,FALSE,6.1
CVE-2019-10261,CWE-79,FALSE,4.8
CVE-2019-10262,CWE-89,FALSE,9.8
CVE-2019-10269,CWE-119,TRUE,9.8
CVE-2019-10272,CWE-93,FALSE,6.1
CVE-2019-10273,CWE-200,FALSE,6.5
CVE-2019-10276,CWE-434,FALSE,9.8
CVE-2019-10277,CWE-255,FALSE,8.8
CVE-2019-10278,CWE-352,FALSE,6.5
CVE-2019-10279,CWE-275,FALSE,6.5
CVE-2019-10280,CWE-255,FALSE,8.8
CVE-2019-10281,CWE-255,FALSE,8.8
CVE-2019-10282,CWE-255,FALSE,8.8
CVE-2019-10283,CWE-255,FALSE,8.8
CVE-2019-10284,CWE-255,FALSE,8.8
CVE-2019-10285,CWE-255,FALSE,8.8
CVE-2019-10286,CWE-255,FALSE,8.8
CVE-2019-10287,CWE-255,FALSE,8.8
CVE-2019-10288,CWE-255,FALSE,8.8
CVE-2019-10289,CWE-352,FALSE,6.5
CVE-2019-10290,CWE-275,FALSE,6.5
CVE-2019-10291,CWE-255,FALSE,8.8
CVE-2019-10292,CWE-352,FALSE,6.5
CVE-2019-10293,CWE-275,FALSE,6.5
CVE-2019-10294,CWE-255,FALSE,8.8
CVE-2019-10295,CWE-255,FALSE,8.8
CVE-2019-10296,CWE-255,FALSE,8.8
CVE-2019-10297,CWE-255,FALSE,8.8
CVE-2019-10298,CWE-255,FALSE,8.8
CVE-2019-10299,CWE-255,FALSE,8.8
CVE-2019-10300,CWE-352,FALSE,8
CVE-2019-10301,CWE-255,FALSE,8.8
CVE-2019-10302,CWE-255,FALSE,8.8
CVE-2019-10303,CWE-255,FALSE,8.8
CVE-2019-10304,CWE-352,FALSE,6.5
CVE-2019-10305,CWE-264,FALSE,6.5
CVE-2019-10306,CWE-254,FALSE,9.9
CVE-2019-10307,CWE-352,FALSE,6.5
CVE-2019-10308,CWE-275,FALSE,6.5
CVE-2019-10309,CWE-611,FALSE,9.3
CVE-2019-10310,CWE-352,FALSE,8.8
CVE-2019-10311,CWE-255,FALSE,8.8
CVE-2019-10312,CWE-255,FALSE,8.8
CVE-2019-10313,CWE-255,FALSE,8.8
CVE-2019-10314,CWE-295,FALSE,5.9
CVE-2019-10315,CWE-352,FALSE,8.8
CVE-2019-10316,CWE-255,FALSE,8.8
CVE-2019-10317,CWE-295,FALSE,5.9
CVE-2019-10318,CWE-255,FALSE,8.8
CVE-2019-10477,CWE-19,FALSE,7.5
CVE-2019-10478,CWE-434,FALSE,7.2
CVE-2019-10479,CWE-798,FALSE,9.8
CVE-2019-10630,CWE-255,FALSE,8.8
CVE-2019-10631,CWE-77,FALSE,8.8
CVE-2019-10632,CWE-22,FALSE,6.5
CVE-2019-10633,CWE-94,FALSE,8.8
CVE-2019-10634,CWE-79,FALSE,5.4
CVE-2019-10641,CWE-640,FALSE,9.8
CVE-2019-10642,CWE-352,FALSE,8.8
CVE-2019-10643,CWE-320,FALSE,9.8
CVE-2019-10644,CWE-352,FALSE,8.8
CVE-2019-10646,CWE-79,FALSE,6.1
CVE-2019-10647,CWE-434,FALSE,9.8
CVE-2019-10648,CWE-20,FALSE,9.8
CVE-2019-10649,CWE-399,FALSE,6.5
CVE-2019-10650,CWE-125,FALSE,8.1
CVE-2019-10652,CWE-434,FALSE,7.2
CVE-2019-10654,CWE-125,FALSE,5.5
CVE-2019-10655,CWE-119,TRUE,9.8
CVE-2019-10656,CWE-77,FALSE,8.8
CVE-2019-10657,CWE-200,FALSE,6.5
CVE-2019-10658,CWE-77,FALSE,8.8
CVE-2019-10659,CWE-77,FALSE,8.8
CVE-2019-10660,CWE-77,FALSE,8.8
CVE-2019-10661,CWE-255,FALSE,9.8
CVE-2019-10662,CWE-77,FALSE,8.8
CVE-2019-10663,CWE-89,FALSE,8.8
CVE-2019-10664,CWE-89,FALSE,9.8
CVE-2019-10672,CWE-20,FALSE,9.8
CVE-2019-10673,CWE-352,FALSE,8.8
CVE-2019-10675,,FALSE,-1
CVE-2019-10676,CWE-200,FALSE,6.5
CVE-2019-10678,CWE-93,FALSE,7.5
CVE-2019-10684,CWE-94,FALSE,9.8
CVE-2019-10686,CWE-918,FALSE,10
CVE-2019-10688,CWE-798,FALSE,6.8
CVE-2019-10691,CWE-287,FALSE,7.5
CVE-2019-10692,CWE-20,FALSE,9.8
CVE-2019-10707,CWE-89,FALSE,9.8
CVE-2019-10708,CWE-89,FALSE,9.8
CVE-2019-10710,CWE-275,FALSE,8.8
CVE-2019-10711,CWE-264,FALSE,7.5
CVE-2019-10714,CWE-125,FALSE,6.5
CVE-2019-10723,CWE-399,FALSE,5.5
CVE-2019-10732,NVD-CWE-noinfo,FALSE,4.3
CVE-2019-10734,CWE-326,FALSE,4.3
CVE-2019-10735,NVD-CWE-noinfo,FALSE,4.3
CVE-2019-10740,NVD-CWE-noinfo,FALSE,4.3
CVE-2019-10741,CWE-254,FALSE,4.3
CVE-2019-10842,CWE-94,FALSE,9.8
CVE-2019-10844,CWE-20,FALSE,9.8
CVE-2019-10845,CWE-200,FALSE,6.5
CVE-2019-10856,CWE-601,FALSE,6.1
CVE-2019-10863,CWE-77,FALSE,7.2
CVE-2019-10864,CWE-79,FALSE,6.1
CVE-2019-10867,CWE-502,FALSE,8.8
CVE-2019-10868,CWE-284,FALSE,6.5
CVE-2019-10871,CWE-125,FALSE,6.5
CVE-2019-10872,CWE-125,FALSE,8.8
CVE-2019-10873,CWE-476,FALSE,6.5
CVE-2019-10874,CWE-352,FALSE,8.8
CVE-2019-10875,CWE-20,FALSE,6.5
CVE-2019-10876,CWE-254,FALSE,6.5
CVE-2019-10877,CWE-190,FALSE,9.8
CVE-2019-10878,CWE-787,FALSE,9.8
CVE-2019-10879,CWE-190,FALSE,9.8
CVE-2019-10880,CWE-78,FALSE,9.8
CVE-2019-10884,CWE-255,FALSE,8.8
CVE-2019-10885,CWE-264,FALSE,7.8
CVE-2019-10886,CWE-200,FALSE,5.9
CVE-2019-10887,CWE-74,FALSE,6.1
CVE-2019-10888,CWE-352,FALSE,8.8
CVE-2019-10893,CWE-79,FALSE,4.8
CVE-2019-10894,CWE-399,FALSE,7.5
CVE-2019-10895,CWE-20,FALSE,7.5
CVE-2019-10896,CWE-399,FALSE,7.5
CVE-2019-10897,CWE-399,FALSE,7.5
CVE-2019-10898,CWE-399,FALSE,7.5
CVE-2019-10899,CWE-119,TRUE,7.5
CVE-2019-10900,CWE-399,FALSE,7.5
CVE-2019-10901,CWE-476,FALSE,7.5
CVE-2019-10902,CWE-399,FALSE,7.5
CVE-2019-10903,CWE-399,FALSE,7.5
CVE-2019-10904,CWE-79,FALSE,6.1
CVE-2019-10905,CWE-94,FALSE,8.1
CVE-2019-10906,CWE-264,FALSE,8.6
CVE-2019-10907,CWE-255,FALSE,9.8
CVE-2019-10908,CWE-310,FALSE,9.8
CVE-2019-10914,CWE-119,TRUE,9.8
CVE-2019-10945,CWE-22,FALSE,9.8
CVE-2019-10946,CWE-284,FALSE,7.5
CVE-2019-10947,CWE-119,TRUE,7.8
CVE-2019-10948,CWE-400,FALSE,7.5
CVE-2019-10949,CWE-125,FALSE,5.5
CVE-2019-10950,CWE-287,FALSE,9.8
CVE-2019-10951,CWE-119,TRUE,7.8
CVE-2019-10952,CWE-119,TRUE,9.8
CVE-2019-10953,CWE-400,FALSE,7.5
CVE-2019-10954,CWE-119,TRUE,7.5
CVE-2019-10955,CWE-601,FALSE,6.1
CVE-2019-11001,CWE-78,FALSE,7.2
CVE-2019-11002,CWE-79,FALSE,6.1
CVE-2019-11003,CWE-79,FALSE,6.1
CVE-2019-11004,CWE-79,FALSE,6.1
CVE-2019-11005,CWE-119,TRUE,9.8
CVE-2019-11006,CWE-119,TRUE,9.1
CVE-2019-11007,CWE-119,TRUE,8.1
CVE-2019-11008,CWE-119,TRUE,8.8
CVE-2019-11009,CWE-125,FALSE,8.1
CVE-2019-11010,CWE-399,FALSE,6.5
CVE-2019-11014,CWE-20,FALSE,9.8
CVE-2019-11015,CWE-255,FALSE,6.8
CVE-2019-11016,CWE-601,FALSE,6.1
CVE-2019-11017,CWE-79,FALSE,4.8
CVE-2019-11018,CWE-255,FALSE,9.8
CVE-2019-11023,CWE-476,FALSE,8.8
CVE-2019-11024,CWE-20,FALSE,5.5
CVE-2019-11025,CWE-79,FALSE,5.4
CVE-2019-11026,CWE-400,FALSE,6.5
CVE-2019-11028,CWE-434,FALSE,8.8
CVE-2019-11032,CWE-79,FALSE,6.1
CVE-2019-11034,CWE-119,TRUE,9.1
CVE-2019-11035,CWE-119,TRUE,9.1
CVE-2019-11036,,FALSE,-1
CVE-2019-11037,,FALSE,-1
CVE-2019-11065,CWE-254,FALSE,5.9
CVE-2019-11068,CWE-284,FALSE,9.8
CVE-2019-11069,CWE-20,FALSE,7.5
CVE-2019-11070,CWE-19,FALSE,5.3
CVE-2019-11071,CWE-20,FALSE,8.8
CVE-2019-11072,CWE-190,FALSE,9.8
CVE-2019-11076,CWE-77,FALSE,9.8
CVE-2019-11077,CWE-352,FALSE,6.8
CVE-2019-11078,CWE-352,FALSE,8.8
CVE-2019-11081,CWE-255,FALSE,9.8
CVE-2019-11084,CWE-79,FALSE,6.1
CVE-2019-11190,CWE-362,FALSE,4.7
CVE-2019-11191,CWE-362,FALSE,2.5
CVE-2019-11193,CWE-352,FALSE,8.8
CVE-2019-11196,CWE-287,FALSE,9.8
CVE-2019-11203,CWE-79,FALSE,6.1
CVE-2019-11213,CWE-384,FALSE,8.1
CVE-2019-11217,CWE-77,FALSE,9.8
CVE-2019-11218,CWE-19,FALSE,8.8
CVE-2019-11219,CWE-310,FALSE,8.2
CVE-2019-11220,CWE-287,FALSE,8.1
CVE-2019-11221,CWE-119,TRUE,7.8
CVE-2019-11222,CWE-119,TRUE,7.8
CVE-2019-11223,CWE-434,FALSE,9.8
CVE-2019-11228,CWE-20,FALSE,7.5
CVE-2019-11229,CWE-20,FALSE,9.8
CVE-2019-11234,CWE-287,FALSE,9.8
CVE-2019-11235,CWE-345,FALSE,9.8
CVE-2019-11236,CWE-93,FALSE,6.1
CVE-2019-11243,CWE-255,FALSE,8.1
CVE-2019-11244,CWE-264,FALSE,5
CVE-2019-11319,CWE-77,FALSE,9.8
CVE-2019-11320,CWE-264,FALSE,9.8
CVE-2019-11321,CWE-200,FALSE,5.3
CVE-2019-11322,CWE-77,FALSE,9.8
CVE-2019-11324,CWE-295,FALSE,7.5
CVE-2019-11331,CWE-254,FALSE,9.8
CVE-2019-11332,CWE-287,FALSE,8.8
CVE-2019-11338,CWE-476,FALSE,8.8
CVE-2019-11339,CWE-125,FALSE,8.8
CVE-2019-11340,CWE-20,FALSE,5.9
CVE-2019-11344,CWE-434,FALSE,9.8
CVE-2019-11350,CWE-255,FALSE,9.8
CVE-2019-11351,CWE-264,FALSE,8.8
CVE-2019-11354,CWE-94,FALSE,7.8
CVE-2019-11358,CWE-79,FALSE,6.1
CVE-2019-11359,CWE-79,FALSE,6.1
CVE-2019-11362,CWE-89,FALSE,9.8
CVE-2019-11365,CWE-119,TRUE,9.8
CVE-2019-11366,CWE-476,FALSE,5.9
CVE-2019-11371,CWE-119,TRUE,9.8
CVE-2019-11372,CWE-125,FALSE,6.5
CVE-2019-11373,CWE-125,FALSE,6.5
CVE-2019-11374,CWE-352,FALSE,8.8
CVE-2019-11375,CWE-352,FALSE,6.5
CVE-2019-11376,CWE-94,FALSE,7.2
CVE-2019-11377,CWE-434,FALSE,8.8
CVE-2019-11378,CWE-434,FALSE,8.8
CVE-2019-11383,CWE-255,FALSE,9.8
CVE-2019-11384,CWE-255,FALSE,9.8
CVE-2019-11387,CWE-185,FALSE,7.5
CVE-2019-11388,CWE-185,FALSE,7.5
CVE-2019-11389,CWE-185,FALSE,7.5
CVE-2019-11390,CWE-185,FALSE,7.5
CVE-2019-11391,CWE-185,FALSE,7.5
CVE-2019-11393,CWE-640,FALSE,9.8
CVE-2019-11395,CWE-119,TRUE,9.8
CVE-2019-11401,CWE-434,FALSE,7.2
CVE-2019-11402,CWE-255,FALSE,9.8
CVE-2019-11403,CWE-255,FALSE,9.8
CVE-2019-11404,CWE-254,FALSE,5.9
CVE-2019-11405,CWE-254,FALSE,7.4
CVE-2019-11411,CWE-119,TRUE,9.8
CVE-2019-11412,CWE-119,TRUE,7.5
CVE-2019-11413,CWE-400,FALSE,7.5
CVE-2019-11414,CWE-640,FALSE,8.8
CVE-2019-11415,CWE-20,FALSE,7.5
CVE-2019-11416,CWE-352,FALSE,8.8
CVE-2019-11417,CWE-119,TRUE,9.8
CVE-2019-11418,CWE-119,TRUE,9.8
CVE-2019-11426,CWE-79,FALSE,6.1
CVE-2019-11427,CWE-79,FALSE,6.1
CVE-2019-11428,CWE-79,FALSE,6.1
CVE-2019-11444,CWE-78,FALSE,7.2
CVE-2019-11445,CWE-434,FALSE,7.2
CVE-2019-11446,CWE-434,FALSE,8.8
CVE-2019-11447,CWE-434,FALSE,8.8
CVE-2019-11448,CWE-89,FALSE,9.8
CVE-2019-11449,CWE-79,FALSE,6.1
CVE-2019-11450,CWE-89,FALSE,9.8
CVE-2019-11451,CWE-89,FALSE,7.2
CVE-2019-11452,CWE-89,FALSE,7.2
CVE-2019-11454,CWE-79,FALSE,6.1
CVE-2019-11455,CWE-119,TRUE,8.1
CVE-2019-11456,CWE-352,FALSE,8.8
CVE-2019-11459,CWE-824,FALSE,5.5
CVE-2019-11460,CWE-20,FALSE,9
CVE-2019-11461,CWE-254,FALSE,7.8
CVE-2019-11463,CWE-399,FALSE,6.5
CVE-2019-11469,CWE-89,FALSE,9.8
CVE-2019-11470,CWE-400,FALSE,6.5
CVE-2019-11471,CWE-416,FALSE,8.8
CVE-2019-11472,CWE-369,FALSE,6.5
CVE-2019-11473,CWE-125,FALSE,6.5
CVE-2019-11474,CWE-20,FALSE,6.5
CVE-2019-11486,CWE-362,FALSE,7
CVE-2019-11487,CWE-416,FALSE,7.8
CVE-2019-11488,CWE-284,FALSE,8.1
CVE-2019-11489,CWE-284,FALSE,8.8
CVE-2019-11490,CWE-415,FALSE,7.8
CVE-2019-11492,CWE-532,FALSE,7.5
CVE-2019-11493,CWE-119,TRUE,7.8
CVE-2019-11498,CWE-824,FALSE,6.5
CVE-2019-11502,CWE-59,FALSE,7.5
CVE-2019-11503,CWE-59,FALSE,7.5
CVE-2019-11504,CWE-79,FALSE,4.8
CVE-2019-11505,CWE-119,TRUE,8.8
CVE-2019-11506,CWE-119,TRUE,8.8
CVE-2019-11511,CWE-79,FALSE,6.1
CVE-2019-11513,CWE-79,FALSE,4.8
CVE-2019-11514,CWE-20,FALSE,7.5
CVE-2019-11515,CWE-22,FALSE,4.9
CVE-2019-11518,CWE-89,FALSE,7.2
CVE-2019-11519,CWE-611,FALSE,4.9
CVE-2019-11533,CWE-79,FALSE,6.1
CVE-2019-11537,CWE-79,FALSE,6.1
CVE-2019-11538,CWE-264,FALSE,7.7
CVE-2019-11539,CWE-77,FALSE,7.2
CVE-2019-11540,CWE-254,FALSE,9.8
CVE-2019-11541,CWE-287,FALSE,7.5
CVE-2019-11542,CWE-119,TRUE,7.2
CVE-2019-11543,CWE-79,FALSE,6.1
CVE-2019-11555,CWE-476,FALSE,5.9
CVE-2019-11557,CWE-352,FALSE,8.8
CVE-2019-11565,CWE-918,FALSE,9.8
CVE-2019-11567,CWE-89,FALSE,7.2
CVE-2019-11568,CWE-434,FALSE,8.8
CVE-2019-11576,CWE-255,FALSE,9.8
CVE-2019-11577,CWE-119,TRUE,9.8
CVE-2019-11578,CWE-310,FALSE,5.9
CVE-2019-11579,CWE-119,TRUE,5.3
CVE-2019-11590,CWE-352,FALSE,8.8
CVE-2019-11591,CWE-352,FALSE,8.8
CVE-2019-11592,CWE-79,FALSE,6.1
CVE-2019-11593,CWE-74,FALSE,8.1
CVE-2019-11594,CWE-74,FALSE,8.1
CVE-2019-11595,CWE-20,FALSE,9
CVE-2019-11596,CWE-476,FALSE,7.5
CVE-2019-11597,CWE-125,FALSE,8.1
CVE-2019-11598,CWE-125,FALSE,8.1
CVE-2019-11599,CWE-362,FALSE,7
CVE-2019-11606,CWE-200,FALSE,7.5
CVE-2019-11607,CWE-200,FALSE,7.5
CVE-2019-11608,CWE-200,FALSE,8.2
CVE-2019-11609,CWE-200,FALSE,8.2
CVE-2019-11610,CWE-200,FALSE,7.5
CVE-2019-11611,CWE-200,FALSE,7.5
CVE-2019-11612,CWE-284,FALSE,7.5
CVE-2019-11613,CWE-89,FALSE,6.5
CVE-2019-11614,CWE-89,FALSE,7.5
CVE-2019-11615,CWE-434,FALSE,8.8
CVE-2019-11616,CWE-255,FALSE,9.8
CVE-2019-11617,CWE-352,FALSE,8.8
CVE-2019-11618,CWE-255,FALSE,9.8
CVE-2019-11619,CWE-89,FALSE,4.9
CVE-2019-11620,CWE-89,FALSE,4.9
CVE-2019-11621,CWE-89,FALSE,4.9
CVE-2019-11622,CWE-89,FALSE,4.9
CVE-2019-11623,CWE-89,FALSE,4.9
CVE-2019-11624,CWE-264,FALSE,4.9
CVE-2019-11625,CWE-89,FALSE,4.9
CVE-2019-11626,CWE-21,FALSE,5.3
CVE-2019-11627,CWE-77,FALSE,9.8
CVE-2019-11628,,FALSE,-1
CVE-2019-11631,CWE-434,FALSE,7.2
CVE-2019-11632,CWE-264,FALSE,8.1
CVE-2019-11633,CWE-264,FALSE,7.5
CVE-2019-11636,CWE-254,FALSE,7.5
CVE-2019-11637,"CWE-125, CWE-476",FALSE,6.5
CVE-2019-11638,"CWE-125, CWE-476",FALSE,6.5
CVE-2019-11639,CWE-119,TRUE,8.8
CVE-2019-11640,CWE-119,TRUE,8.8
CVE-2019-11641,CWE-254,FALSE,7.5
CVE-2019-11675,CWE-362,FALSE,7
CVE-2019-11676,CWE-79,FALSE,6.1
CVE-2019-11677,CWE-611,FALSE,9.8
CVE-2019-11678,CWE-89,FALSE,9.8
CVE-2019-11682,CWE-119,TRUE,9.8
CVE-2019-11683,CWE-399,FALSE,9.8
CVE-2019-11687,,FALSE,-1
CVE-2019-11690,,FALSE,-1
CVE-2019-1543,CWE-310,FALSE,7.4
CVE-2019-1559,CWE-200,FALSE,5.9
CVE-2019-1565,CWE-79,FALSE,5.4
CVE-2019-1566,CWE-79,FALSE,6.1
CVE-2019-1567,CWE-79,FALSE,5.4
CVE-2019-1569,CWE-79,FALSE,4.8
CVE-2019-1570,CWE-79,FALSE,4.8
CVE-2019-1571,CWE-79,FALSE,4.8
CVE-2019-1572,CWE-287,FALSE,7.5
CVE-2019-1573,CWE-287,FALSE,9.8
CVE-2019-1574,CWE-79,FALSE,5.4
CVE-2019-1585,CWE-16,FALSE,7.8
CVE-2019-1586,,FALSE,-1
CVE-2019-1587,,FALSE,-1
CVE-2019-1588,CWE-20,FALSE,4.4
CVE-2019-1589,,FALSE,-1
CVE-2019-1590,,FALSE,-1
CVE-2019-1591,CWE-77,FALSE,7.8
CVE-2019-1592,,FALSE,-1
CVE-2019-1593,CWE-264,FALSE,7.8
CVE-2019-1594,CWE-20,FALSE,7.4
CVE-2019-1595,CWE-913,FALSE,6.5
CVE-2019-1596,CWE-264,FALSE,7.8
CVE-2019-1597,CWE-20,FALSE,7.5
CVE-2019-1598,CWE-20,FALSE,7.5
CVE-2019-1599,CWE-399,FALSE,8.6
CVE-2019-1600,CWE-200,FALSE,4.4
CVE-2019-1601,CWE-284,FALSE,7.8
CVE-2019-1602,CWE-264,FALSE,7.8
CVE-2019-1603,CWE-285,FALSE,7.8
CVE-2019-1604,CWE-285,FALSE,7.8
CVE-2019-1605,CWE-20,FALSE,7.8
CVE-2019-1606,CWE-77,FALSE,7.8
CVE-2019-1607,CWE-77,FALSE,6.7
CVE-2019-1608,CWE-77,FALSE,6.7
CVE-2019-1609,CWE-77,FALSE,6.7
CVE-2019-1610,CWE-77,FALSE,6.7
CVE-2019-1611,CWE-77,FALSE,6.7
CVE-2019-1612,CWE-78,FALSE,6.7
CVE-2019-1613,CWE-77,FALSE,6.7
CVE-2019-1614,CWE-77,FALSE,8.8
CVE-2019-1615,CWE-347,FALSE,6.7
CVE-2019-1616,CWE-119,TRUE,7.5
CVE-2019-1617,CWE-913,FALSE,7.4
CVE-2019-1618,CWE-275,FALSE,7.8
CVE-2019-1635,,FALSE,-1
CVE-2019-1636,CWE-78,FALSE,7.8
CVE-2019-1637,CWE-119,TRUE,7.8
CVE-2019-1638,CWE-119,TRUE,7.8
CVE-2019-1639,CWE-119,TRUE,7.8
CVE-2019-1640,CWE-119,TRUE,7.8
CVE-2019-1641,CWE-119,TRUE,7.8
CVE-2019-1642,CWE-79,FALSE,6.1
CVE-2019-1643,CWE-79,FALSE,6.1
CVE-2019-1644,CWE-400,FALSE,7.5
CVE-2019-1645,CWE-200,FALSE,4.3
CVE-2019-1646,CWE-264,FALSE,7.8
CVE-2019-1647,CWE-284,FALSE,8
CVE-2019-1648,CWE-264,FALSE,7.8
CVE-2019-1650,CWE-20,FALSE,8.8
CVE-2019-1651,CWE-119,TRUE,8.8
CVE-2019-1652,CWE-20,FALSE,7.2
CVE-2019-1653,CWE-284,FALSE,7.5
CVE-2019-1654,CWE-284,FALSE,7.8
CVE-2019-1655,CWE-79,FALSE,6.1
CVE-2019-1656,CWE-20,FALSE,5.3
CVE-2019-1657,CWE-255,FALSE,4.3
CVE-2019-1658,CWE-352,FALSE,7.4
CVE-2019-1659,CWE-295,FALSE,7.4
CVE-2019-1660,CWE-264,FALSE,5.3
CVE-2019-1661,CWE-79,FALSE,6.1
CVE-2019-1662,CWE-287,FALSE,9.1
CVE-2019-1663,CWE-20,FALSE,9.8
CVE-2019-1664,CWE-284,FALSE,7.8
CVE-2019-1665,CWE-79,FALSE,6.1
CVE-2019-1666,CWE-284,FALSE,5.3
CVE-2019-1667,CWE-345,FALSE,3.3
CVE-2019-1668,CWE-79,FALSE,6.1
CVE-2019-1669,CWE-693,FALSE,8.6
CVE-2019-1670,CWE-79,FALSE,6.1
CVE-2019-1671,CWE-79,FALSE,6.1
CVE-2019-1672,CWE-400,FALSE,5.8
CVE-2019-1673,CWE-79,FALSE,5.4
CVE-2019-1674,CWE-78,FALSE,8.8
CVE-2019-1675,CWE-798,FALSE,7.5
CVE-2019-1676,CWE-20,FALSE,7.5
CVE-2019-1677,CWE-79,FALSE,4.6
CVE-2019-1678,CWE-20,FALSE,4.3
CVE-2019-1679,CWE-918,FALSE,5
CVE-2019-1680,CWE-20,FALSE,4.3
CVE-2019-1681,CWE-22,FALSE,7.5
CVE-2019-1682,,FALSE,-1
CVE-2019-1683,CWE-295,FALSE,7.4
CVE-2019-1684,CWE-399,FALSE,6.5
CVE-2019-1685,CWE-79,FALSE,6.1
CVE-2019-1686,CWE-284,FALSE,8.6
CVE-2019-1687,,FALSE,-1
CVE-2019-1688,CWE-798,FALSE,7.1
CVE-2019-1689,CWE-20,FALSE,7.3
CVE-2019-1690,CWE-284,FALSE,6.5
CVE-2019-1691,CWE-20,FALSE,5.8
CVE-2019-1692,,FALSE,-1
CVE-2019-1693,,FALSE,-1
CVE-2019-1694,,FALSE,-1
CVE-2019-1695,,FALSE,-1
CVE-2019-1696,,FALSE,-1
CVE-2019-1697,,FALSE,-1
CVE-2019-1698,CWE-611,FALSE,4.9
CVE-2019-1699,,FALSE,-1
CVE-2019-1700,CWE-399,FALSE,6.1
CVE-2019-1701,,FALSE,-1
CVE-2019-1702,CWE-79,FALSE,6.1
CVE-2019-1703,,FALSE,-1
CVE-2019-1704,,FALSE,-1
CVE-2019-1705,,FALSE,-1
CVE-2019-1706,,FALSE,-1
CVE-2019-1707,CWE-79,FALSE,5.4
CVE-2019-1708,,FALSE,-1
CVE-2019-1709,,FALSE,-1
CVE-2019-1710,CWE-20,FALSE,9.8
CVE-2019-1711,CWE-20,FALSE,7.5
CVE-2019-1712,CWE-20,FALSE,7.5
CVE-2019-1713,,FALSE,-1
CVE-2019-1714,,FALSE,-1
CVE-2019-1715,,FALSE,-1
CVE-2019-1716,CWE-20,FALSE,9.8
CVE-2019-1718,CWE-399,FALSE,7.5
CVE-2019-1719,CWE-79,FALSE,5.4
CVE-2019-1720,CWE-20,FALSE,4.9
CVE-2019-1721,CWE-399,FALSE,6.5
CVE-2019-1722,CWE-352,FALSE,6.5
CVE-2019-1723,CWE-264,FALSE,9.8
CVE-2019-1724,,FALSE,-1
CVE-2019-1725,CWE-20,FALSE,5.5
CVE-2019-1737,CWE-400,FALSE,8.6
CVE-2019-1738,CWE-20,FALSE,7.5
CVE-2019-1739,CWE-20,FALSE,7.5
CVE-2019-1740,CWE-20,FALSE,7.5
CVE-2019-1741,CWE-20,FALSE,7.5
CVE-2019-1742,CWE-284,FALSE,5.3
CVE-2019-1743,"CWE-434, CWE-20",FALSE,9.8
CVE-2019-1745,CWE-78,FALSE,7.8
CVE-2019-1746,CWE-20,FALSE,6.5
CVE-2019-1747,CWE-20,FALSE,8.6
CVE-2019-1748,CWE-295,FALSE,7.4
CVE-2019-1749,CWE-20,FALSE,7.4
CVE-2019-1750,CWE-388,FALSE,7.4
CVE-2019-1751,CWE-20,FALSE,7.5
CVE-2019-1752,CWE-20,FALSE,7.5
CVE-2019-1753,CWE-20,FALSE,8.8
CVE-2019-1754,CWE-20,FALSE,8.8
CVE-2019-1755,CWE-20,FALSE,7.2
CVE-2019-1756,CWE-20,FALSE,7.2
CVE-2019-1757,CWE-295,FALSE,5.9
CVE-2019-1758,CWE-287,FALSE,4.3
CVE-2019-1759,CWE-284,FALSE,5.3
CVE-2019-1760,CWE-20,FALSE,5.9
CVE-2019-1761,CWE-665,FALSE,4.3
CVE-2019-1762,CWE-200,FALSE,4.4
CVE-2019-1763,CWE-284,FALSE,7.5
CVE-2019-1764,CWE-352,FALSE,8.8
CVE-2019-1765,CWE-22,FALSE,6.5
CVE-2019-1766,CWE-20,FALSE,7.5
CVE-2019-1777,CWE-79,FALSE,5.4
CVE-2019-1785,CWE-22,FALSE,7.8
CVE-2019-1786,CWE-125,FALSE,5.5
CVE-2019-1787,CWE-125,FALSE,5.5
CVE-2019-1788,CWE-20,FALSE,5.5
CVE-2019-1792,CWE-79,FALSE,6.1
CVE-2019-1794,CWE-427,FALSE,5.1
CVE-2019-1796,CWE-399,FALSE,6.5
CVE-2019-1797,CWE-352,FALSE,8.8
CVE-2019-1798,CWE-125,FALSE,5.5
CVE-2019-1799,CWE-399,FALSE,6.5
CVE-2019-1800,CWE-399,FALSE,6.5
CVE-2019-1802,CWE-79,FALSE,4.8
CVE-2019-1803,,FALSE,-1
CVE-2019-1804,,FALSE,-1
CVE-2019-1805,CWE-284,FALSE,4.3
CVE-2019-1807,,FALSE,-1
CVE-2019-1816,,FALSE,-1
CVE-2019-1817,,FALSE,-1
CVE-2019-1826,CWE-20,FALSE,5.7
CVE-2019-1827,CWE-79,FALSE,6.1
CVE-2019-1828,CWE-327,FALSE,8.1
CVE-2019-1829,CWE-287,FALSE,6.7
CVE-2019-1830,CWE-20,FALSE,4.9
CVE-2019-1831,CWE-20,FALSE,5.3
CVE-2019-1834,CWE-20,FALSE,6.5
CVE-2019-1835,CWE-22,FALSE,4.4
CVE-2019-1836,,FALSE,-1
CVE-2019-1837,CWE-20,FALSE,7.5
CVE-2019-1838,,FALSE,-1
CVE-2019-1840,CWE-665,FALSE,7.5
CVE-2019-1841,CWE-20,FALSE,8.1
CVE-2019-1844,,FALSE,-1
CVE-2019-1852,,FALSE,-1
CVE-2019-1854,CWE-22,FALSE,4.3
CVE-2019-1856,,FALSE,-1
CVE-2019-1857,CWE-352,FALSE,8.8
CVE-2019-1859,,FALSE,-1
CVE-2019-1986,CWE-787,FALSE,8.8
CVE-2019-1987,CWE-787,FALSE,7.8
CVE-2019-1988,CWE-787,FALSE,8.8
CVE-2019-1991,CWE-119,TRUE,8.8
CVE-2019-1992,CWE-362,FALSE,7.5
CVE-2019-1993,CWE-190,FALSE,7.8
CVE-2019-1994,CWE-264,FALSE,8.8
CVE-2019-1995,CWE-200,FALSE,5.5
CVE-2019-1996,CWE-125,FALSE,6.5
CVE-2019-1997,CWE-330,FALSE,7.5
CVE-2019-1998,CWE-400,FALSE,5.5
CVE-2019-1999,CWE-415,FALSE,7.8
CVE-2019-2000,CWE-416,FALSE,7.8
CVE-2019-2001,CWE-200,FALSE,5.5
CVE-2019-2026,CWE-264,FALSE,7.8
CVE-2019-2027,CWE-787,FALSE,8.8
CVE-2019-2028,CWE-20,FALSE,8.8
CVE-2019-2029,CWE-416,FALSE,8.8
CVE-2019-2030,CWE-416,FALSE,9.8
CVE-2019-2031,CWE-787,FALSE,7.8
CVE-2019-2032,CWE-787,FALSE,7.8
CVE-2019-2033,CWE-416,FALSE,7.8
CVE-2019-2034,CWE-787,FALSE,7.8
CVE-2019-2035,CWE-787,FALSE,7.8
CVE-2019-2037,CWE-125,FALSE,7.5
CVE-2019-2038,CWE-125,FALSE,5.5
CVE-2019-2039,CWE-125,FALSE,5
CVE-2019-2040,CWE-125,FALSE,5
CVE-2019-2041,CWE-264,FALSE,7.3
CVE-2019-2395,CWE-284,FALSE,5.4
CVE-2019-2396,CWE-284,FALSE,4.7
CVE-2019-2397,CWE-264,FALSE,4.4
CVE-2019-2398,CWE-284,FALSE,4.3
CVE-2019-2399,CWE-284,FALSE,6.5
CVE-2019-2400,CWE-284,FALSE,8.2
CVE-2019-2401,CWE-284,FALSE,8.1
CVE-2019-2402,CWE-284,FALSE,7.7
CVE-2019-2403,CWE-284,FALSE,6.5
CVE-2019-2404,CWE-200,FALSE,5.3
CVE-2019-2405,CWE-284,FALSE,7.5
CVE-2019-2406,CWE-284,FALSE,7.2
CVE-2019-2407,CWE-284,FALSE,6.1
CVE-2019-2408,CWE-284,FALSE,4.3
CVE-2019-2409,CWE-284,FALSE,6.7
CVE-2019-2410,CWE-284,FALSE,5.1
CVE-2019-2411,CWE-284,FALSE,7.6
CVE-2019-2412,CWE-284,FALSE,6.4
CVE-2019-2413,CWE-284,FALSE,6.1
CVE-2019-2414,CWE-284,FALSE,7.8
CVE-2019-2415,CWE-284,FALSE,4.3
CVE-2019-2416,CWE-284,FALSE,8.8
CVE-2019-2417,CWE-284,FALSE,6.5
CVE-2019-2418,CWE-284,FALSE,6.5
CVE-2019-2419,CWE-284,FALSE,5.4
CVE-2019-2420,CWE-284,FALSE,4.9
CVE-2019-2421,CWE-284,FALSE,6.1
CVE-2019-2422,CWE-284,FALSE,3.1
CVE-2019-2423,CWE-284,FALSE,6.1
CVE-2019-2424,CWE-284,FALSE,7.3
CVE-2019-2425,CWE-284,FALSE,6.5
CVE-2019-2426,CWE-284,FALSE,3.7
CVE-2019-2427,CWE-284,FALSE,5.3
CVE-2019-2429,CWE-284,FALSE,7.1
CVE-2019-2430,CWE-200,FALSE,6.5
CVE-2019-2431,CWE-284,FALSE,6.1
CVE-2019-2432,CWE-284,FALSE,4.9
CVE-2019-2433,CWE-284,FALSE,7.2
CVE-2019-2434,CWE-284,FALSE,6.5
CVE-2019-2435,CWE-284,FALSE,8.1
CVE-2019-2436,CWE-284,FALSE,5.5
CVE-2019-2437,CWE-284,FALSE,7.5
CVE-2019-2438,CWE-284,FALSE,6.9
CVE-2019-2439,CWE-284,FALSE,6.1
CVE-2019-2440,CWE-284,FALSE,8.2
CVE-2019-2441,CWE-284,FALSE,5.3
CVE-2019-2442,CWE-284,FALSE,6.1
CVE-2019-2443,CWE-284,FALSE,7.2
CVE-2019-2444,CWE-284,FALSE,8.2
CVE-2019-2445,CWE-284,FALSE,8.2
CVE-2019-2446,CWE-284,FALSE,5.5
CVE-2019-2447,CWE-284,FALSE,8.2
CVE-2019-2448,CWE-284,FALSE,5.5
CVE-2019-2449,CWE-284,FALSE,3.1
CVE-2019-2450,CWE-284,FALSE,6.5
CVE-2019-2451,CWE-284,FALSE,6.5
CVE-2019-2452,CWE-284,FALSE,6.7
CVE-2019-2453,CWE-284,FALSE,9.1
CVE-2019-2455,CWE-284,FALSE,6.5
CVE-2019-2456,CWE-284,FALSE,6.5
CVE-2019-2457,CWE-284,FALSE,5.3
CVE-2019-2458,CWE-284,FALSE,5.3
CVE-2019-2459,CWE-284,FALSE,5.3
CVE-2019-2460,CWE-284,FALSE,5.3
CVE-2019-2461,CWE-284,FALSE,5.3
CVE-2019-2462,CWE-200,FALSE,7.2
CVE-2019-2463,CWE-284,FALSE,6.5
CVE-2019-2464,CWE-284,FALSE,5.3
CVE-2019-2465,CWE-284,FALSE,5.3
CVE-2019-2466,CWE-284,FALSE,5.3
CVE-2019-2467,CWE-284,FALSE,7.5
CVE-2019-2468,CWE-284,FALSE,7.5
CVE-2019-2469,CWE-284,FALSE,6.5
CVE-2019-2470,CWE-284,FALSE,8.2
CVE-2019-2471,CWE-284,FALSE,6.1
CVE-2019-2472,CWE-284,FALSE,5.3
CVE-2019-2473,CWE-284,FALSE,7.5
CVE-2019-2474,CWE-284,FALSE,7.5
CVE-2019-2475,CWE-284,FALSE,7.5
CVE-2019-2476,CWE-284,FALSE,7.5
CVE-2019-2477,CWE-284,FALSE,7.5
CVE-2019-2478,CWE-284,FALSE,5.3
CVE-2019-2479,CWE-284,FALSE,7.5
CVE-2019-2480,CWE-284,FALSE,5.3
CVE-2019-2481,CWE-284,FALSE,4.9
CVE-2019-2482,CWE-284,FALSE,6.5
CVE-2019-2485,CWE-284,FALSE,4.7
CVE-2019-2486,CWE-284,FALSE,4.9
CVE-2019-2487,CWE-284,FALSE,6.5
CVE-2019-2488,CWE-284,FALSE,5.3
CVE-2019-2489,CWE-284,FALSE,9.1
CVE-2019-2490,CWE-284,FALSE,4.7
CVE-2019-2491,CWE-284,FALSE,4.7
CVE-2019-2492,CWE-284,FALSE,4.7
CVE-2019-2493,CWE-284,FALSE,3.1
CVE-2019-2494,CWE-284,FALSE,4.9
CVE-2019-2495,CWE-284,FALSE,4.9
CVE-2019-2496,CWE-284,FALSE,4.7
CVE-2019-2497,CWE-284,FALSE,8.2
CVE-2019-2498,CWE-284,FALSE,8.2
CVE-2019-2499,CWE-284,FALSE,6.1
CVE-2019-2500,CWE-284,FALSE,8.8
CVE-2019-2501,CWE-284,FALSE,3.8
CVE-2019-2502,CWE-284,FALSE,4.9
CVE-2019-2503,CWE-284,FALSE,6.4
CVE-2019-2504,CWE-284,FALSE,3.8
CVE-2019-2505,CWE-284,FALSE,3.8
CVE-2019-2506,CWE-284,FALSE,3.8
CVE-2019-2507,CWE-284,FALSE,4.9
CVE-2019-2508,CWE-284,FALSE,6.5
CVE-2019-2509,CWE-284,FALSE,6.5
CVE-2019-2510,CWE-284,FALSE,4.9
CVE-2019-2511,CWE-284,FALSE,7.5
CVE-2019-2512,CWE-284,FALSE,4.7
CVE-2019-2513,CWE-284,FALSE,2.5
CVE-2019-2516,CWE-284,FALSE,8.2
CVE-2019-2517,CWE-284,FALSE,9.1
CVE-2019-2518,CWE-284,FALSE,7.5
CVE-2019-2519,CWE-284,FALSE,6.1
CVE-2019-2520,CWE-284,FALSE,7.8
CVE-2019-2521,CWE-284,FALSE,7.8
CVE-2019-2522,CWE-284,FALSE,7.8
CVE-2019-2523,CWE-284,FALSE,7.8
CVE-2019-2524,CWE-284,FALSE,8.8
CVE-2019-2525,CWE-284,FALSE,5.6
CVE-2019-2526,CWE-284,FALSE,7.8
CVE-2019-2527,CWE-284,FALSE,6.5
CVE-2019-2528,CWE-284,FALSE,4.9
CVE-2019-2529,CWE-284,FALSE,6.5
CVE-2019-2530,CWE-284,FALSE,4.9
CVE-2019-2531,CWE-284,FALSE,4.9
CVE-2019-2532,CWE-284,FALSE,4.9
CVE-2019-2533,CWE-284,FALSE,6.5
CVE-2019-2534,CWE-284,FALSE,7.1
CVE-2019-2535,CWE-284,FALSE,4.1
CVE-2019-2536,CWE-284,FALSE,5
CVE-2019-2537,CWE-284,FALSE,4.9
CVE-2019-2538,CWE-284,FALSE,7.1
CVE-2019-2539,CWE-284,FALSE,4.9
CVE-2019-2540,CWE-284,FALSE,6.1
CVE-2019-2541,CWE-284,FALSE,7.5
CVE-2019-2543,CWE-200,FALSE,5.3
CVE-2019-2544,CWE-200,FALSE,4
CVE-2019-2545,CWE-284,FALSE,4
CVE-2019-2546,CWE-284,FALSE,4.3
CVE-2019-2547,CWE-284,FALSE,3.5
CVE-2019-2548,CWE-284,FALSE,7.8
CVE-2019-2549,CWE-284,FALSE,6.1
CVE-2019-2550,CWE-284,FALSE,4.3
CVE-2019-2551,CWE-284,FALSE,8.2
CVE-2019-2552,CWE-284,FALSE,8.8
CVE-2019-2553,CWE-284,FALSE,3.8
CVE-2019-2554,CWE-284,FALSE,6.5
CVE-2019-2555,CWE-284,FALSE,6.5
CVE-2019-2556,CWE-284,FALSE,6.5
CVE-2019-2557,CWE-284,FALSE,6.3
CVE-2019-2558,CWE-284,FALSE,7.3
CVE-2019-2564,CWE-284,FALSE,4.3
CVE-2019-2565,CWE-284,FALSE,7.5
CVE-2019-2566,CWE-284,FALSE,4.9
CVE-2019-2567,CWE-284,FALSE,7.5
CVE-2019-2568,CWE-284,FALSE,5
CVE-2019-2570,CWE-284,FALSE,4.7
CVE-2019-2571,CWE-264,FALSE,6.6
CVE-2019-2572,CWE-284,FALSE,5.3
CVE-2019-2573,CWE-284,FALSE,4.3
CVE-2019-2574,CWE-284,FALSE,6.5
CVE-2019-2575,CWE-200,FALSE,5.3
CVE-2019-2576,CWE-284,FALSE,5.3
CVE-2019-2577,CWE-284,FALSE,3.3
CVE-2019-2578,CWE-284,FALSE,8.6
CVE-2019-2579,CWE-200,FALSE,4.3
CVE-2019-2580,CWE-284,FALSE,4.9
CVE-2019-2581,CWE-284,FALSE,4.9
CVE-2019-2582,CWE-200,FALSE,5.3
CVE-2019-2583,CWE-284,FALSE,8.2
CVE-2019-2584,CWE-284,FALSE,4.9
CVE-2019-2585,CWE-284,FALSE,4.9
CVE-2019-2586,CWE-200,FALSE,4.3
CVE-2019-2587,CWE-284,FALSE,4.9
CVE-2019-2588,CWE-200,FALSE,4.9
CVE-2019-2589,CWE-284,FALSE,4.9
CVE-2019-2590,CWE-284,FALSE,8.2
CVE-2019-2591,CWE-284,FALSE,6.1
CVE-2019-2592,CWE-284,FALSE,4.9
CVE-2019-2593,CWE-284,FALSE,4.9
CVE-2019-2594,CWE-284,FALSE,6.8
CVE-2019-2595,CWE-284,FALSE,8.2
CVE-2019-2596,CWE-284,FALSE,4.9
CVE-2019-2597,CWE-284,FALSE,5.4
CVE-2019-2598,CWE-284,FALSE,8.7
CVE-2019-2600,CWE-284,FALSE,8.2
CVE-2019-2601,CWE-284,FALSE,7.6
CVE-2019-2602,CWE-284,FALSE,7.5
CVE-2019-2603,CWE-284,FALSE,8.2
CVE-2019-2604,CWE-284,FALSE,8.2
CVE-2019-2605,CWE-200,FALSE,3.4
CVE-2019-2606,CWE-20,FALSE,4.9
CVE-2019-2607,CWE-20,FALSE,4.9
CVE-2019-2608,CWE-284,FALSE,7.3
CVE-2019-2609,CWE-284,FALSE,6.5
CVE-2019-2610,CWE-284,FALSE,6.5
CVE-2019-2611,CWE-284,FALSE,6.5
CVE-2019-2612,CWE-284,FALSE,6.5
CVE-2019-2613,CWE-284,FALSE,6.5
CVE-2019-2614,CWE-284,FALSE,4.4
CVE-2019-2615,CWE-200,FALSE,4.9
CVE-2019-2616,CWE-284,FALSE,7.2
CVE-2019-2617,CWE-20,FALSE,4.4
CVE-2019-2618,CWE-284,FALSE,5.5
CVE-2019-2619,CWE-284,FALSE,8.2
CVE-2019-2620,CWE-20,FALSE,4.9
CVE-2019-2621,CWE-284,FALSE,4.7
CVE-2019-2622,CWE-284,FALSE,4.7
CVE-2019-2623,CWE-20,FALSE,5.3
CVE-2019-2624,CWE-20,FALSE,4.9
CVE-2019-2625,CWE-20,FALSE,4.9
CVE-2019-2626,CWE-20,FALSE,4.9
CVE-2019-2627,CWE-20,FALSE,4.9
CVE-2019-2628,CWE-20,FALSE,4.9
CVE-2019-2629,CWE-284,FALSE,5.4
CVE-2019-2630,CWE-20,FALSE,4.4
CVE-2019-2631,CWE-20,FALSE,4.9
CVE-2019-2632,CWE-20,FALSE,7.5
CVE-2019-2633,CWE-284,FALSE,8.1
CVE-2019-2634,CWE-20,FALSE,5.1
CVE-2019-2635,CWE-20,FALSE,4.9
CVE-2019-2636,CWE-20,FALSE,4.4
CVE-2019-2637,CWE-284,FALSE,6.1
CVE-2019-2638,CWE-284,FALSE,8.1
CVE-2019-2639,CWE-284,FALSE,8.2
CVE-2019-2640,CWE-284,FALSE,8.2
CVE-2019-2641,CWE-284,FALSE,8.2
CVE-2019-2642,CWE-284,FALSE,8.2
CVE-2019-2643,CWE-284,FALSE,8.2
CVE-2019-2644,CWE-20,FALSE,4.9
CVE-2019-2645,CWE-284,FALSE,9.8
CVE-2019-2646,CWE-284,FALSE,9.8
CVE-2019-2647,CWE-200,FALSE,7.5
CVE-2019-2648,CWE-200,FALSE,7.5
CVE-2019-2649,CWE-200,FALSE,7.5
CVE-2019-2650,CWE-200,FALSE,7.5
CVE-2019-2651,CWE-284,FALSE,8.2
CVE-2019-2652,CWE-284,FALSE,8.2
CVE-2019-2653,CWE-284,FALSE,8.2
CVE-2019-2654,CWE-284,FALSE,8.2
CVE-2019-2655,CWE-284,FALSE,8.2
CVE-2019-2656,CWE-20,FALSE,8.8
CVE-2019-2657,CWE-20,FALSE,7.8
CVE-2019-2658,CWE-284,FALSE,9.8
CVE-2019-2659,CWE-284,FALSE,6.1
CVE-2019-2660,CWE-284,FALSE,8.2
CVE-2019-2661,CWE-284,FALSE,8.2
CVE-2019-2662,CWE-284,FALSE,8.2
CVE-2019-2663,CWE-284,FALSE,8.2
CVE-2019-2664,CWE-284,FALSE,8.2
CVE-2019-2665,CWE-284,FALSE,8.2
CVE-2019-2669,CWE-284,FALSE,4.7
CVE-2019-2670,CWE-284,FALSE,4.7
CVE-2019-2671,CWE-284,FALSE,8.2
CVE-2019-2673,CWE-284,FALSE,4.7
CVE-2019-2674,CWE-284,FALSE,4.7
CVE-2019-2675,CWE-284,FALSE,8.2
CVE-2019-2676,CWE-284,FALSE,4.7
CVE-2019-2677,CWE-284,FALSE,8.2
CVE-2019-2678,CWE-284,FALSE,6.5
CVE-2019-2679,CWE-20,FALSE,7.3
CVE-2019-2680,CWE-20,FALSE,8.8
CVE-2019-2681,CWE-20,FALSE,4.9
CVE-2019-2682,CWE-284,FALSE,8.2
CVE-2019-2683,CWE-284,FALSE,4.9
CVE-2019-2684,CWE-284,FALSE,5.9
CVE-2019-2685,CWE-20,FALSE,4.9
CVE-2019-2686,CWE-20,FALSE,4.9
CVE-2019-2687,CWE-20,FALSE,4.9
CVE-2019-2688,CWE-20,FALSE,4.9
CVE-2019-2689,CWE-20,FALSE,4.9
CVE-2019-2690,CWE-284,FALSE,7.8
CVE-2019-2691,CWE-20,FALSE,4.9
CVE-2019-2692,CWE-20,FALSE,6.3
CVE-2019-2693,CWE-20,FALSE,6.5
CVE-2019-2694,CWE-284,FALSE,6.5
CVE-2019-2695,CWE-20,FALSE,6.5
CVE-2019-2696,CWE-284,FALSE,8.8
CVE-2019-2697,CWE-284,FALSE,8.1
CVE-2019-2698,CWE-284,FALSE,8.1
CVE-2019-2699,CWE-284,FALSE,9
CVE-2019-2700,CWE-284,FALSE,4.3
CVE-2019-2701,CWE-284,FALSE,4.3
CVE-2019-2702,CWE-20,FALSE,9.3
CVE-2019-2703,CWE-20,FALSE,8.8
CVE-2019-2704,CWE-200,FALSE,5.3
CVE-2019-2705,CWE-284,FALSE,8.2
CVE-2019-2706,CWE-284,FALSE,8.2
CVE-2019-2707,CWE-284,FALSE,6.1
CVE-2019-2708,CWE-284,FALSE,3.3
CVE-2019-2709,CWE-284,FALSE,6.1
CVE-2019-2712,CWE-284,FALSE,6.1
CVE-2019-2713,CWE-284,FALSE,6.5
CVE-2019-2719,CWE-284,FALSE,6.1
CVE-2019-2720,CWE-200,FALSE,3.1
CVE-2019-2721,CWE-20,FALSE,8.8
CVE-2019-2722,CWE-20,FALSE,8.8
CVE-2019-2723,CWE-20,FALSE,8.8
CVE-2019-2725,CWE-284,FALSE,9.8
CVE-2019-3395,CWE-918,FALSE,9.8
CVE-2019-3396,CWE-22,FALSE,9.8
CVE-2019-3398,CWE-22,FALSE,8.8
CVE-2019-3399,CWE-200,FALSE,7.5
CVE-2019-3400,,FALSE,-1
CVE-2019-3459,CWE-200,FALSE,6.5
CVE-2019-3460,CWE-200,FALSE,6.5
CVE-2019-3461,CWE-362,FALSE,7
CVE-2019-3462,CWE-74,FALSE,8.1
CVE-2019-3463,CWE-20,FALSE,9.8
CVE-2019-3464,CWE-20,FALSE,9.8
CVE-2019-3474,CWE-22,FALSE,6.5
CVE-2019-3475,CWE-284,FALSE,7.8
CVE-2019-3476,CWE-20,FALSE,9.8
CVE-2019-3479,CWE-20,FALSE,9.8
CVE-2019-3480,CWE-79,FALSE,6.1
CVE-2019-3481,CWE-611,FALSE,7.1
CVE-2019-3482,CWE-22,FALSE,6.5
CVE-2019-3483,CWE-200,FALSE,6.5
CVE-2019-3484,CWE-20,FALSE,7.8
CVE-2019-3489,CWE-434,FALSE,7.5
CVE-2019-3490,,FALSE,-1
CVE-2019-3493,CWE-94,FALSE,8.8
CVE-2019-3494,CWE-89,FALSE,7.5
CVE-2019-3495,CWE-434,FALSE,8.8
CVE-2019-3496,CWE-77,FALSE,8.8
CVE-2019-3497,CWE-77,FALSE,8.8
CVE-2019-3498,CWE-20,FALSE,6.5
CVE-2019-3500,CWE-532,FALSE,7.8
CVE-2019-3501,CWE-79,FALSE,4.8
CVE-2019-3554,CWE-19,FALSE,5.9
CVE-2019-3557,CWE-125,FALSE,9.8
CVE-2019-3560,CWE-119,TRUE,7.5
CVE-2019-3561,CWE-125,FALSE,9.8
CVE-2019-3562,CWE-79,FALSE,6.1
CVE-2019-3563,CWE-119,TRUE,9.8
CVE-2019-3572,CWE-125,FALSE,6.5
CVE-2019-3573,CWE-400,FALSE,5.5
CVE-2019-3574,CWE-119,TRUE,7.8
CVE-2019-3575,CWE-94,FALSE,7.8
CVE-2019-3576,CWE-89,FALSE,9.8
CVE-2019-3577,CWE-89,FALSE,9.8
CVE-2019-3580,CWE-22,FALSE,7.5
CVE-2019-3581,CWE-20,FALSE,7.5
CVE-2019-3582,"CWE-264, CWE-59",FALSE,7.8
CVE-2019-3584,CWE-284,FALSE,6
CVE-2019-3587,CWE-426,FALSE,6.5
CVE-2019-3593,CWE-264,FALSE,7.1
CVE-2019-3597,CWE-287,FALSE,9.8
CVE-2019-3598,CWE-119,TRUE,5.3
CVE-2019-3599,CWE-200,FALSE,5.9
CVE-2019-3604,CWE-352,FALSE,8.8
CVE-2019-3606,CWE-200,FALSE,4.1
CVE-2019-3610,CWE-200,FALSE,5.5
CVE-2019-3612,CWE-200,FALSE,4.4
CVE-2019-3615,CWE-255,FALSE,6.8
CVE-2019-3701,CWE-787,FALSE,5.5
CVE-2019-3704,CWE-78,FALSE,7.8
CVE-2019-3705,CWE-119,TRUE,9.8
CVE-2019-3706,CWE-287,FALSE,9.8
CVE-2019-3707,CWE-287,FALSE,9.8
CVE-2019-3708,CWE-79,FALSE,6.1
CVE-2019-3709,CWE-79,FALSE,6.1
CVE-2019-3710,CWE-320,FALSE,8.1
CVE-2019-3711,CWE-255,FALSE,7.2
CVE-2019-3712,CWE-119,TRUE,8.8
CVE-2019-3715,CWE-200,FALSE,5.5
CVE-2019-3716,CWE-255,FALSE,7.8
CVE-2019-3718,CWE-352,FALSE,8.8
CVE-2019-3719,CWE-20,FALSE,8
CVE-2019-3720,CWE-22,FALSE,4.9
CVE-2019-3721,CWE-400,FALSE,7.5
CVE-2019-3772,CWE-611,FALSE,9.8
CVE-2019-3773,CWE-611,FALSE,9.8
CVE-2019-3774,CWE-611,FALSE,9.8
CVE-2019-3775,CWE-287,FALSE,6.5
CVE-2019-3776,CWE-79,FALSE,5.4
CVE-2019-3777,CWE-295,FALSE,9.8
CVE-2019-3778,CWE-601,FALSE,6.5
CVE-2019-3779,CWE-264,FALSE,8.8
CVE-2019-3780,CWE-264,FALSE,8.8
CVE-2019-3781,CWE-255,FALSE,7.5
CVE-2019-3782,CWE-255,FALSE,7.8
CVE-2019-3783,CWE-255,FALSE,8.8
CVE-2019-3784,CWE-384,FALSE,6.5
CVE-2019-3785,CWE-285,FALSE,8.1
CVE-2019-3786,CWE-287,FALSE,6.5
CVE-2019-3788,CWE-601,FALSE,6.1
CVE-2019-3789,CWE-264,FALSE,6.5
CVE-2019-3792,CWE-89,FALSE,7.5
CVE-2019-3793,CWE-287,FALSE,9.8
CVE-2019-3795,CWE-332,FALSE,5.3
CVE-2019-3798,CWE-287,FALSE,7.5
CVE-2019-3801,CWE-20,FALSE,9.8
CVE-2019-3803,CWE-200,FALSE,7.5
CVE-2019-3804,CWE-20,FALSE,7.5
CVE-2019-3805,,FALSE,-1
CVE-2019-3806,CWE-254,FALSE,8.1
CVE-2019-3807,CWE-295,FALSE,9.8
CVE-2019-3808,CWE-254,FALSE,6.5
CVE-2019-3809,CWE-918,FALSE,10
CVE-2019-3810,CWE-200,FALSE,5.3
CVE-2019-3811,CWE-20,FALSE,5.2
CVE-2019-3812,CWE-125,FALSE,5.5
CVE-2019-3813,CWE-125,FALSE,7.5
CVE-2019-3814,CWE-295,FALSE,6.8
CVE-2019-3815,CWE-399,FALSE,3.3
CVE-2019-3816,CWE-200,FALSE,7.5
CVE-2019-3817,CWE-416,FALSE,8.8
CVE-2019-3818,CWE-327,FALSE,7.5
CVE-2019-3819,CWE-400,FALSE,4.4
CVE-2019-3820,CWE-285,FALSE,4.3
CVE-2019-3821,CWE-399,FALSE,7.5
CVE-2019-3822,CWE-119,TRUE,9.8
CVE-2019-3823,CWE-125,FALSE,7.5
CVE-2019-3824,CWE-275,FALSE,6.5
CVE-2019-3825,CWE-287,FALSE,6.4
CVE-2019-3826,CWE-79,FALSE,5.4
CVE-2019-3827,CWE-275,FALSE,6.3
CVE-2019-3828,CWE-22,FALSE,10
CVE-2019-3829,"CWE-415, CWE-416",FALSE,7.5
CVE-2019-3830,"CWE-532, CWE-255",FALSE,8.8
CVE-2019-3831,CWE-77,FALSE,7.2
CVE-2019-3832,CWE-125,FALSE,5
CVE-2019-3833,CWE-399,FALSE,7.5
CVE-2019-3835,CWE-284,FALSE,5.5
CVE-2019-3836,CWE-824,FALSE,7.5
CVE-2019-3837,CWE-119,TRUE,5.5
CVE-2019-3838,CWE-284,FALSE,5.5
CVE-2019-3840,CWE-476,FALSE,6.3
CVE-2019-3841,CWE-295,FALSE,6.8
CVE-2019-3842,CWE-264,FALSE,7
CVE-2019-3843,CWE-264,FALSE,7.8
CVE-2019-3844,CWE-264,FALSE,7.8
CVE-2019-3845,CWE-284,FALSE,8
CVE-2019-3847,CWE-20,FALSE,7.2
CVE-2019-3848,CWE-200,FALSE,4.3
CVE-2019-3849,CWE-264,FALSE,8.8
CVE-2019-3850,CWE-601,FALSE,6.1
CVE-2019-3851,CWE-264,FALSE,4.3
CVE-2019-3852,CWE-264,FALSE,4.3
CVE-2019-3855,CWE-190,FALSE,8.8
CVE-2019-3856,CWE-190,FALSE,8.8
CVE-2019-3857,CWE-190,FALSE,8.8
CVE-2019-3858,CWE-125,FALSE,9.1
CVE-2019-3859,CWE-125,FALSE,9.1
CVE-2019-3860,CWE-125,FALSE,9.1
CVE-2019-3861,CWE-125,FALSE,9.1
CVE-2019-3862,CWE-125,FALSE,9.1
CVE-2019-3863,CWE-787,FALSE,8.8
CVE-2019-3868,CWE-200,FALSE,3.8
CVE-2019-3869,CWE-255,FALSE,8.8
CVE-2019-3870,CWE-275,FALSE,6.1
CVE-2019-3871,CWE-20,FALSE,8.8
CVE-2019-3874,CWE-119,TRUE,6.5
CVE-2019-3876,CWE-79,FALSE,6.1
CVE-2019-3877,CWE-601,FALSE,6.1
CVE-2019-3878,CWE-287,FALSE,8.1
CVE-2019-3879,CWE-275,FALSE,6.5
CVE-2019-3880,CWE-22,FALSE,5.4
CVE-2019-3882,CWE-400,FALSE,5.5
CVE-2019-3883,CWE-119,TRUE,7.5
CVE-2019-3885,CWE-416,FALSE,7.5
CVE-2019-3886,CWE-200,FALSE,5.4
CVE-2019-3887,CWE-20,FALSE,5.6
CVE-2019-3891,"CWE-532, CWE-255",FALSE,7.8
CVE-2019-3893,CWE-200,FALSE,8.8
CVE-2019-3894,,FALSE,-1
CVE-2019-3899,CWE-287,FALSE,9.8
CVE-2019-3900,CWE-400,FALSE,6.5
CVE-2019-3901,CWE-362,FALSE,4.7
CVE-2019-3902,CWE-59,FALSE,5.9
CVE-2019-3905,CWE-918,FALSE,10
CVE-2019-3906,CWE-798,FALSE,8.8
CVE-2019-3907,CWE-326,FALSE,7.5
CVE-2019-3908,CWE-798,FALSE,7.5
CVE-2019-3909,CWE-255,FALSE,9.8
CVE-2019-3910,CWE-287,FALSE,9.1
CVE-2019-3911,CWE-79,FALSE,6.1
CVE-2019-3912,CWE-601,FALSE,6.1
CVE-2019-3913,CWE-20,FALSE,4.9
CVE-2019-3914,CWE-77,FALSE,7.2
CVE-2019-3915,CWE-287,FALSE,7.5
CVE-2019-3916,CWE-200,FALSE,7.5
CVE-2019-3917,CWE-284,FALSE,7.5
CVE-2019-3918,CWE-798,FALSE,9.8
CVE-2019-3919,CWE-77,FALSE,8.8
CVE-2019-3920,CWE-77,FALSE,8.8
CVE-2019-3921,CWE-119,TRUE,8.8
CVE-2019-3922,CWE-119,TRUE,9.8
CVE-2019-3923,CWE-79,FALSE,5.4
CVE-2019-3924,CWE-441,FALSE,7.5
CVE-2019-3925,CWE-77,FALSE,9.8
CVE-2019-3926,CWE-77,FALSE,9.8
CVE-2019-3927,CWE-255,FALSE,9.8
CVE-2019-3928,CWE-200,FALSE,5.3
CVE-2019-3929,CWE-77,FALSE,9.8
CVE-2019-3930,CWE-119,TRUE,9.8
CVE-2019-3931,CWE-74,FALSE,8.8
CVE-2019-3932,CWE-798,FALSE,9.8
CVE-2019-3933,CWE-284,FALSE,5.3
CVE-2019-3934,CWE-284,FALSE,5.3
CVE-2019-3935,CWE-287,FALSE,7.5
CVE-2019-3936,CWE-20,FALSE,7.5
CVE-2019-3937,CWE-255,FALSE,7.8
CVE-2019-3938,CWE-798,FALSE,7.8
CVE-2019-3939,CWE-798,FALSE,9.8
CVE-2019-3940,CWE-434,FALSE,9.8
CVE-2019-3941,CWE-284,FALSE,7.5
CVE-2019-3943,CWE-22,FALSE,8.1
CVE-2019-4008,CWE-532,FALSE,9.8
CVE-2019-4012,CWE-89,FALSE,9.8
CVE-2019-4013,CWE-434,FALSE,9.9
CVE-2019-4014,CWE-119,TRUE,7.8
CVE-2019-4015,CWE-119,TRUE,7.8
CVE-2019-4016,CWE-119,TRUE,7.8
CVE-2019-4027,CWE-79,FALSE,5.4
CVE-2019-4028,CWE-79,FALSE,5.4
CVE-2019-4029,CWE-79,FALSE,5.4
CVE-2019-4030,CWE-79,FALSE,5.4
CVE-2019-4032,CWE-89,FALSE,9.8
CVE-2019-4033,CWE-79,FALSE,5.4
CVE-2019-4034,CWE-20,FALSE,8.8
CVE-2019-4035,CWE-20,FALSE,6.5
CVE-2019-4038,CWE-264,FALSE,6.2
CVE-2019-4040,CWE-79,FALSE,6.1
CVE-2019-4043,CWE-611,FALSE,7.1
CVE-2019-4045,CWE-20,FALSE,4.3
CVE-2019-4046,CWE-400,FALSE,7.5
CVE-2019-4047,CWE-200,FALSE,4.3
CVE-2019-4051,CWE-200,FALSE,5.3
CVE-2019-4052,CWE-200,FALSE,7.5
CVE-2019-4055,CWE-20,FALSE,7.5
CVE-2019-4059,CWE-255,FALSE,9.8
CVE-2019-4061,CWE-287,FALSE,5.3
CVE-2019-4063,CWE-200,FALSE,5.9
CVE-2019-4073,CWE-79,FALSE,5.4
CVE-2019-4074,CWE-79,FALSE,5.4
CVE-2019-4075,CWE-79,FALSE,5.4
CVE-2019-4076,CWE-79,FALSE,5.4
CVE-2019-4077,CWE-79,FALSE,5.4
CVE-2019-4080,CWE-400,FALSE,6.5
CVE-2019-4092,CWE-601,FALSE,6.1
CVE-2019-4093,CWE-284,FALSE,7.1
CVE-2019-4094,CWE-264,FALSE,7.8
CVE-2019-4143,CWE-532,FALSE,5.5
CVE-2019-4146,CWE-200,FALSE,3.1
CVE-2019-4148,CWE-79,FALSE,5.4
CVE-2019-4155,CWE-264,FALSE,9.8
CVE-2019-4166,CWE-601,FALSE,6.1
CVE-2019-4178,CWE-22,FALSE,9.1
CVE-2019-4202,CWE-77,FALSE,10
CVE-2019-4203,CWE-284,FALSE,9.8
CVE-2019-4210,CWE-287,FALSE,8.1
CVE-2019-4222,CWE-200,FALSE,4.3
CVE-2019-4238,CWE-79,FALSE,5.4
CVE-2019-4258,CWE-79,FALSE,5.4
CVE-2019-5005,CWE-119,TRUE,5.5
CVE-2019-5006,CWE-476,FALSE,5.5
CVE-2019-5007,"CWE-125, CWE-476",FALSE,7.1
CVE-2019-5008,CWE-476,FALSE,7.5
CVE-2019-5009,CWE-434,FALSE,7.2
CVE-2019-5011,CWE-20,FALSE,5.5
CVE-2019-5015,CWE-19,FALSE,7.8
CVE-2019-5019,CWE-119,TRUE,9.8
CVE-2019-5024,CWE-20,FALSE,7.6
CVE-2019-5310,CWE-79,FALSE,6.1
CVE-2019-5311,CWE-79,FALSE,6.1
CVE-2019-5312,CWE-611,FALSE,9.8
CVE-2019-5413,CWE-77,FALSE,9.8
CVE-2019-5414,CWE-78,FALSE,8.1
CVE-2019-5415,CWE-200,FALSE,7.5
CVE-2019-5416,CWE-22,FALSE,7.5
CVE-2019-5417,CWE-22,FALSE,7.5
CVE-2019-5418,CWE-200,FALSE,7.5
CVE-2019-5419,CWE-400,FALSE,7.5
CVE-2019-5420,CWE-20,FALSE,9.8
CVE-2019-5421,CWE-254,FALSE,9.8
CVE-2019-5422,CWE-79,FALSE,6.1
CVE-2019-5423,CWE-22,FALSE,7.5
CVE-2019-5424,CWE-77,FALSE,8.8
CVE-2019-5425,CWE-77,FALSE,8.8
CVE-2019-5426,CWE-284,FALSE,4.8
CVE-2019-5427,CWE-399,FALSE,7.5
CVE-2019-5428,,FALSE,-1
CVE-2019-5429,CWE-426,FALSE,7.8
CVE-2019-5488,CWE-89,FALSE,7.5
CVE-2019-5489,CWE-200,FALSE,5.5
CVE-2019-5490,CWE-264,FALSE,9.8
CVE-2019-5491,CWE-200,FALSE,7.5
CVE-2019-5492,CWE-200,FALSE,7.5
CVE-2019-5511,CWE-264,FALSE,8.8
CVE-2019-5512,CWE-264,FALSE,8.8
CVE-2019-5513,CWE-200,FALSE,5.3
CVE-2019-5514,CWE-20,FALSE,8.8
CVE-2019-5515,CWE-787,FALSE,8.8
CVE-2019-5516,CWE-125,FALSE,6.8
CVE-2019-5517,CWE-125,FALSE,6.8
CVE-2019-5518,CWE-119,TRUE,6.8
CVE-2019-5519,CWE-119,TRUE,6.8
CVE-2019-5520,CWE-125,FALSE,5.9
CVE-2019-5523,CWE-384,FALSE,9.8
CVE-2019-5524,CWE-787,FALSE,8.8
CVE-2019-5585,CWE-284,FALSE,6.1
CVE-2019-5595,CWE-20,FALSE,5.5
CVE-2019-5596,CWE-264,FALSE,8.8
CVE-2019-5615,CWE-255,FALSE,7.5
CVE-2019-5616,CWE-200,FALSE,5.3
CVE-2019-5624,CWE-22,FALSE,8.8
CVE-2019-5665,CWE-264,FALSE,7.8
CVE-2019-5666,CWE-129,FALSE,7.8
CVE-2019-5667,CWE-476,FALSE,7.8
CVE-2019-5668,CWE-476,FALSE,7.8
CVE-2019-5669,CWE-264,FALSE,7.8
CVE-2019-5670,CWE-264,FALSE,7.8
CVE-2019-5671,CWE-399,FALSE,5.5
CVE-2019-5672,CWE-320,FALSE,9.1
CVE-2019-5673,CWE-754,FALSE,6.1
CVE-2019-5674,CWE-264,FALSE,7
CVE-2019-5715,CWE-89,FALSE,9.8
CVE-2019-5716,CWE-20,FALSE,5.5
CVE-2019-5717,CWE-20,FALSE,5.5
CVE-2019-5718,CWE-125,FALSE,5.5
CVE-2019-5719,CWE-476,FALSE,5.5
CVE-2019-5720,CWE-89,FALSE,9.8
CVE-2019-5721,CWE-416,FALSE,5.5
CVE-2019-5722,CWE-89,FALSE,9.8
CVE-2019-5723,CWE-326,FALSE,9.8
CVE-2019-5725,CWE-918,FALSE,7.5
CVE-2019-5727,CWE-79,FALSE,5.4
CVE-2019-5729,CWE-295,FALSE,8.1
CVE-2019-5736,CWE-216,FALSE,8.6
CVE-2019-5737,CWE-400,FALSE,7.5
CVE-2019-5739,CWE-400,FALSE,7.5
CVE-2019-5747,CWE-125,FALSE,7.5
CVE-2019-5748,CWE-611,FALSE,9.8
CVE-2019-5754,CWE-310,FALSE,6.5
CVE-2019-5755,CWE-189,FALSE,8.1
CVE-2019-5756,CWE-416,FALSE,8.8
CVE-2019-5757,CWE-704,FALSE,8.8
CVE-2019-5758,CWE-416,FALSE,8.8
CVE-2019-5759,CWE-416,FALSE,9.6
CVE-2019-5760,CWE-416,FALSE,8.8
CVE-2019-5761,CWE-416,FALSE,8.8
CVE-2019-5762,CWE-119,TRUE,8.8
CVE-2019-5763,CWE-20,FALSE,8.8
CVE-2019-5764,CWE-416,FALSE,8.8
CVE-2019-5765,CWE-200,FALSE,5.5
CVE-2019-5766,CWE-264,FALSE,6.5
CVE-2019-5767,CWE-275,FALSE,6.5
CVE-2019-5768,CWE-254,FALSE,6.5
CVE-2019-5769,CWE-20,FALSE,8.8
CVE-2019-5770,CWE-125,FALSE,8.8
CVE-2019-5771,CWE-119,TRUE,8.8
CVE-2019-5772,CWE-416,FALSE,8.8
CVE-2019-5773,CWE-20,FALSE,6.5
CVE-2019-5774,CWE-20,FALSE,8.8
CVE-2019-5775,CWE-20,FALSE,6.5
CVE-2019-5776,CWE-20,FALSE,6.5
CVE-2019-5777,CWE-20,FALSE,6.5
CVE-2019-5778,CWE-79,FALSE,6.5
CVE-2019-5779,CWE-264,FALSE,4.3
CVE-2019-5780,CWE-20,FALSE,7.8
CVE-2019-5781,CWE-20,FALSE,6.5
CVE-2019-5782,CWE-20,FALSE,8.8
CVE-2019-5783,CWE-20,FALSE,8.8
CVE-2019-5882,CWE-416,FALSE,9.8
CVE-2019-5884,CWE-200,FALSE,5.9
CVE-2019-5885,CWE-320,FALSE,7.5
CVE-2019-5886,CWE-264,FALSE,9.8
CVE-2019-5887,CWE-22,FALSE,7.5
CVE-2019-5888,CWE-79,FALSE,6.1
CVE-2019-5889,CWE-22,FALSE,7.5
CVE-2019-5890,CWE-287,FALSE,8.8
CVE-2019-5891,CWE-284,FALSE,9.8
CVE-2019-5892,CWE-20,FALSE,6.5
CVE-2019-5893,CWE-89,FALSE,9.8
CVE-2019-5909,CWE-284,FALSE,9.8
CVE-2019-5910,CWE-22,FALSE,7.5
CVE-2019-5911,CWE-426,FALSE,7.8
CVE-2019-5912,CWE-426,FALSE,7.8
CVE-2019-5913,CWE-426,FALSE,7.8
CVE-2019-5914,CWE-476,FALSE,5.3
CVE-2019-5915,CWE-601,FALSE,6.1
CVE-2019-5916,CWE-20,FALSE,9.8
CVE-2019-5917,CWE-400,FALSE,7.5
CVE-2019-5918,CWE-611,FALSE,9.1
CVE-2019-5919,CWE-310,FALSE,9.1
CVE-2019-5920,CWE-352,FALSE,8.8
CVE-2019-5921,CWE-426,FALSE,7.8
CVE-2019-5922,CWE-426,FALSE,7.8
CVE-2019-5923,CWE-22,FALSE,7.5
CVE-2019-5924,CWE-352,FALSE,8.8
CVE-2019-5925,CWE-79,FALSE,5.4
CVE-2019-5926,CWE-79,FALSE,6.1
CVE-2019-5927,CWE-22,FALSE,7.5
CVE-2019-6109,CWE-284,FALSE,6.8
CVE-2019-6110,CWE-284,FALSE,6.8
CVE-2019-6111,CWE-20,FALSE,5.9
CVE-2019-6116,CWE-20,FALSE,7.8
CVE-2019-6117,CWE-79,FALSE,6.1
CVE-2019-6126,CWE-284,FALSE,7.5
CVE-2019-6127,CWE-89,FALSE,7.2
CVE-2019-6128,CWE-399,FALSE,8.8
CVE-2019-6129,CWE-399,FALSE,6.5
CVE-2019-6130,CWE-118,FALSE,5.5
CVE-2019-6131,CWE-399,FALSE,5.5
CVE-2019-6132,CWE-119,TRUE,7.5
CVE-2019-6133,CWE-284,FALSE,6.7
CVE-2019-6135,CWE-399,FALSE,7.5
CVE-2019-6136,CWE-119,TRUE,7.5
CVE-2019-6137,CWE-476,FALSE,7.5
CVE-2019-6138,CWE-399,FALSE,7.5
CVE-2019-6139,CWE-434,FALSE,9.8
CVE-2019-6140,CWE-264,FALSE,8.8
CVE-2019-6149,CWE-428,FALSE,6.7
CVE-2019-6154,CWE-426,FALSE,7.8
CVE-2019-6155,CWE-20,FALSE,7.5
CVE-2019-6156,CWE-254,FALSE,3.3
CVE-2019-6157,CWE-532,FALSE,7.5
CVE-2019-6158,,FALSE,-1
CVE-2019-6200,CWE-125,FALSE,8.8
CVE-2019-6202,CWE-125,FALSE,7.8
CVE-2019-6205,CWE-119,TRUE,7.8
CVE-2019-6206,CWE-255,FALSE,9.8
CVE-2019-6208,CWE-399,FALSE,5.5
CVE-2019-6209,CWE-125,FALSE,5.5
CVE-2019-6210,CWE-119,TRUE,7.8
CVE-2019-6211,CWE-119,TRUE,8.8
CVE-2019-6212,CWE-119,TRUE,8.8
CVE-2019-6213,CWE-119,TRUE,7.8
CVE-2019-6214,CWE-704,FALSE,8.6
CVE-2019-6215,CWE-704,FALSE,8.8
CVE-2019-6216,CWE-119,TRUE,8.8
CVE-2019-6217,CWE-119,TRUE,8.8
CVE-2019-6218,CWE-119,TRUE,7.8
CVE-2019-6219,CWE-20,FALSE,7.5
CVE-2019-6220,CWE-125,FALSE,5.5
CVE-2019-6221,CWE-125,FALSE,7.8
CVE-2019-6223,CWE-200,FALSE,7.5
CVE-2019-6224,CWE-119,TRUE,8.8
CVE-2019-6225,CWE-119,TRUE,7.8
CVE-2019-6226,CWE-119,TRUE,8.8
CVE-2019-6227,CWE-119,TRUE,8.8
CVE-2019-6228,CWE-79,FALSE,6.1
CVE-2019-6229,CWE-79,FALSE,6.1
CVE-2019-6230,CWE-399,FALSE,8.6
CVE-2019-6231,CWE-125,FALSE,5.5
CVE-2019-6233,CWE-119,TRUE,8.8
CVE-2019-6234,CWE-119,TRUE,8.8
CVE-2019-6235,CWE-119,TRUE,10
CVE-2019-6240,CWE-22,FALSE,7.5
CVE-2019-6242,CWE-255,FALSE,7.2
CVE-2019-6243,CWE-79,FALSE,6.1
CVE-2019-6244,CWE-352,FALSE,8.8
CVE-2019-6245,CWE-119,TRUE,8.8
CVE-2019-6246,CWE-125,FALSE,9.8
CVE-2019-6247,CWE-119,TRUE,8.8
CVE-2019-6248,CWE-79,FALSE,6.1
CVE-2019-6249,CWE-352,FALSE,8.8
CVE-2019-6250,CWE-190,FALSE,8.8
CVE-2019-6251,CWE-20,FALSE,8.1
CVE-2019-6256,CWE-20,FALSE,9.8
CVE-2019-6257,CWE-918,FALSE,7.7
CVE-2019-6259,CWE-89,FALSE,9.8
CVE-2019-6260,CWE-284,FALSE,9.8
CVE-2019-6261,CWE-79,FALSE,6.1
CVE-2019-6262,CWE-79,FALSE,5.4
CVE-2019-6263,CWE-79,FALSE,4.8
CVE-2019-6264,CWE-79,FALSE,6.1
CVE-2019-6265,CWE-264,FALSE,7.8
CVE-2019-6266,CWE-295,FALSE,9.8
CVE-2019-6267,CWE-79,FALSE,6.1
CVE-2019-6272,CWE-77,FALSE,8.8
CVE-2019-6273,CWE-284,FALSE,6.5
CVE-2019-6274,CWE-22,FALSE,8.8
CVE-2019-6275,CWE-77,FALSE,8.8
CVE-2019-6278,CWE-79,FALSE,5.4
CVE-2019-6279,CWE-284,FALSE,8.8
CVE-2019-6282,CWE-352,FALSE,8.8
CVE-2019-6283,CWE-119,TRUE,6.5
CVE-2019-6284,CWE-119,TRUE,6.5
CVE-2019-6285,CWE-119,TRUE,6.5
CVE-2019-6286,CWE-125,FALSE,6.5
CVE-2019-6287,CWE-264,FALSE,8.1
CVE-2019-6289,CWE-94,FALSE,8.8
CVE-2019-6290,CWE-400,FALSE,5.5
CVE-2019-6291,CWE-400,FALSE,5.5
CVE-2019-6292,CWE-400,FALSE,6.5
CVE-2019-6293,CWE-400,FALSE,5.5
CVE-2019-6294,CWE-352,FALSE,8.8
CVE-2019-6295,CWE-89,FALSE,9.8
CVE-2019-6296,CWE-89,FALSE,9.8
CVE-2019-6318,CWE-20,FALSE,9.8
CVE-2019-6338,CWE-502,FALSE,8
CVE-2019-6339,CWE-20,FALSE,9.8
CVE-2019-6340,CWE-20,FALSE,8.1
CVE-2019-6341,CWE-79,FALSE,5.4
CVE-2019-6438,CWE-264,FALSE,9.8
CVE-2019-6439,CWE-119,TRUE,9.8
CVE-2019-6440,CWE-19,FALSE,9.8
CVE-2019-6441,CWE-255,FALSE,9.8
CVE-2019-6442,CWE-787,FALSE,6.5
CVE-2019-6443,CWE-125,FALSE,9.1
CVE-2019-6444,CWE-125,FALSE,9.1
CVE-2019-6445,CWE-476,FALSE,6.5
CVE-2019-6446,CWE-502,FALSE,9.8
CVE-2019-6447,CWE-20,FALSE,8.1
CVE-2019-6453,CWE-77,FALSE,8.1
CVE-2019-6454,CWE-119,TRUE,5.5
CVE-2019-6455,CWE-415,FALSE,6.5
CVE-2019-6456,CWE-476,FALSE,6.5
CVE-2019-6457,CWE-399,FALSE,6.5
CVE-2019-6458,CWE-399,FALSE,6.5
CVE-2019-6459,CWE-399,FALSE,6.5
CVE-2019-6460,CWE-476,FALSE,6.5
CVE-2019-6461,CWE-20,FALSE,6.5
CVE-2019-6462,CWE-400,FALSE,6.5
CVE-2019-6481,CWE-326,FALSE,7.5
CVE-2019-6485,CWE-200,FALSE,5.9
CVE-2019-6486,CWE-400,FALSE,8.2
CVE-2019-6487,CWE-77,FALSE,8.8
CVE-2019-6488,CWE-404,FALSE,7.8
CVE-2019-6489,CWE-20,FALSE,5.3
CVE-2019-6491,CWE-89,FALSE,8.8
CVE-2019-6492,CWE-200,FALSE,5.5
CVE-2019-6493,CWE-200,FALSE,5.5
CVE-2019-6494,CWE-284,FALSE,6.5
CVE-2019-6496,CWE-20,FALSE,8.8
CVE-2019-6497,CWE-89,FALSE,9.8
CVE-2019-6498,CWE-119,TRUE,8.8
CVE-2019-6499,CWE-798,FALSE,8.1
CVE-2019-6500,CWE-22,FALSE,7.5
CVE-2019-6501,"CWE-125, CWE-787",FALSE,5.5
CVE-2019-6502,CWE-399,FALSE,7.5
CVE-2019-6503,CWE-502,FALSE,9.8
CVE-2019-6504,CWE-79,FALSE,6.1
CVE-2019-6506,CWE-89,FALSE,9.8
CVE-2019-6507,CWE-352,FALSE,8.8
CVE-2019-6508,CWE-352,FALSE,8.8
CVE-2019-6509,CWE-352,FALSE,8.8
CVE-2019-6510,CWE-352,FALSE,8.8
CVE-2019-6517,CWE-284,FALSE,6.8
CVE-2019-6518,CWE-200,FALSE,7.5
CVE-2019-6519,CWE-287,FALSE,9.8
CVE-2019-6520,CWE-284,FALSE,7.5
CVE-2019-6521,CWE-287,FALSE,8.6
CVE-2019-6522,CWE-125,FALSE,9.1
CVE-2019-6523,CWE-89,FALSE,9.8
CVE-2019-6524,CWE-287,FALSE,9.8
CVE-2019-6525,CWE-255,FALSE,8.8
CVE-2019-6526,"CWE-255, CWE-310",FALSE,9.8
CVE-2019-6527,CWE-287,FALSE,9.8
CVE-2019-6528,CWE-20,FALSE,8.8
CVE-2019-6531,CWE-255,FALSE,8.1
CVE-2019-6533,CWE-306,FALSE,9.1
CVE-2019-6534,CWE-427,FALSE,7.8
CVE-2019-6535,CWE-400,FALSE,7.5
CVE-2019-6536,CWE-787,FALSE,7.8
CVE-2019-6537,CWE-119,TRUE,7.8
CVE-2019-6538,CWE-284,FALSE,6.5
CVE-2019-6539,CWE-119,TRUE,7.8
CVE-2019-6540,CWE-310,FALSE,6.5
CVE-2019-6541,CWE-119,TRUE,7.8
CVE-2019-6542,CWE-306,FALSE,7.5
CVE-2019-6543,CWE-306,FALSE,9.8
CVE-2019-6545,CWE-99,FALSE,9.8
CVE-2019-6547,CWE-125,FALSE,5.5
CVE-2019-6549,CWE-255,FALSE,7.2
CVE-2019-6550,CWE-119,TRUE,9.8
CVE-2019-6551,CWE-287,FALSE,7.5
CVE-2019-6552,CWE-77,FALSE,9.8
CVE-2019-6553,CWE-119,TRUE,9.8
CVE-2019-6554,CWE-284,FALSE,7.5
CVE-2019-6555,CWE-20,FALSE,7.8
CVE-2019-6556,CWE-416,FALSE,6.6
CVE-2019-6557,CWE-119,TRUE,9.8
CVE-2019-6559,CWE-400,FALSE,6.5
CVE-2019-6561,CWE-352,FALSE,8.8
CVE-2019-6562,CWE-79,FALSE,5.4
CVE-2019-6563,CWE-200,FALSE,9.8
CVE-2019-6565,CWE-79,FALSE,6.1
CVE-2019-6568,CWE-20,FALSE,7.5
CVE-2019-6569,CWE-20,FALSE,9.1
CVE-2019-6570,CWE-264,FALSE,8.8
CVE-2019-6575,CWE-20,FALSE,7.5
CVE-2019-6579,CWE-264,FALSE,9.8
CVE-2019-6589,CWE-79,FALSE,6.1
CVE-2019-6590,CWE-400,FALSE,5.9
CVE-2019-6591,CWE-79,FALSE,5.4
CVE-2019-6592,CWE-295,FALSE,9.1
CVE-2019-6593,CWE-310,FALSE,5.9
CVE-2019-6594,CWE-400,FALSE,5.9
CVE-2019-6595,CWE-79,FALSE,6.1
CVE-2019-6596,CWE-20,FALSE,7.5
CVE-2019-6597,CWE-77,FALSE,7.2
CVE-2019-6598,CWE-20,FALSE,4.3
CVE-2019-6599,CWE-79,FALSE,6.1
CVE-2019-6600,CWE-79,FALSE,6.1
CVE-2019-6601,CWE-275,FALSE,5.5
CVE-2019-6602,CWE-254,FALSE,7.5
CVE-2019-6603,CWE-20,FALSE,7.5
CVE-2019-6604,CWE-20,FALSE,6.8
CVE-2019-6605,CWE-20,FALSE,7.5
CVE-2019-6606,CWE-399,FALSE,4.3
CVE-2019-6607,CWE-352,FALSE,6.8
CVE-2019-6608,CWE-399,FALSE,5.9
CVE-2019-6609,CWE-255,FALSE,9.8
CVE-2019-6610,CWE-20,FALSE,8.6
CVE-2019-6611,,FALSE,-1
CVE-2019-6612,,FALSE,-1
CVE-2019-6613,,FALSE,-1
CVE-2019-6614,,FALSE,-1
CVE-2019-6615,,FALSE,-1
CVE-2019-6616,,FALSE,-1
CVE-2019-6617,,FALSE,-1
CVE-2019-6618,,FALSE,-1
CVE-2019-6619,,FALSE,-1
CVE-2019-6689,CWE-77,FALSE,7.8
CVE-2019-6690,CWE-20,FALSE,7.5
CVE-2019-6691,CWE-89,FALSE,7.2
CVE-2019-6702,CWE-295,FALSE,5.9
CVE-2019-6703,CWE-284,FALSE,9.8
CVE-2019-6706,CWE-416,FALSE,7.5
CVE-2019-6707,CWE-94,FALSE,7.2
CVE-2019-6708,CWE-94,FALSE,7.2
CVE-2019-6710,CWE-352,FALSE,8.8
CVE-2019-6713,CWE-94,FALSE,9.8
CVE-2019-6714,CWE-22,FALSE,9.8
CVE-2019-6715,CWE-200,FALSE,7.5
CVE-2019-6716,CWE-200,FALSE,9.4
CVE-2019-6719,CWE-416,FALSE,7.5
CVE-2019-6724,CWE-264,FALSE,7.8
CVE-2019-6727,CWE-416,FALSE,8.8
CVE-2019-6728,CWE-125,FALSE,6.5
CVE-2019-6729,CWE-20,FALSE,8.8
CVE-2019-6730,CWE-416,FALSE,8.8
CVE-2019-6731,CWE-20,FALSE,8.8
CVE-2019-6732,CWE-200,FALSE,6.5
CVE-2019-6733,CWE-125,FALSE,6.5
CVE-2019-6734,CWE-416,FALSE,6.5
CVE-2019-6735,CWE-125,FALSE,6.5
CVE-2019-6777,CWE-79,FALSE,6.1
CVE-2019-6778,CWE-119,TRUE,7.8
CVE-2019-6779,CWE-352,FALSE,8.1
CVE-2019-6780,CWE-601,FALSE,6.1
CVE-2019-6796,CWE-79,FALSE,6.1
CVE-2019-6798,CWE-89,FALSE,9.8
CVE-2019-6799,CWE-200,FALSE,5.9
CVE-2019-6802,CWE-93,FALSE,6.1
CVE-2019-6803,CWE-79,FALSE,6.1
CVE-2019-6804,CWE-79,FALSE,6.1
CVE-2019-6805,CWE-89,FALSE,9.8
CVE-2019-6956,CWE-125,FALSE,7.8
CVE-2019-6966,CWE-400,FALSE,6.5
CVE-2019-6967,CWE-352,FALSE,8.8
CVE-2019-6970,CWE-918,FALSE,7.5
CVE-2019-6973,CWE-119,TRUE,7.5
CVE-2019-6974,CWE-362,FALSE,8.1
CVE-2019-6975,CWE-400,FALSE,7.5
CVE-2019-6976,CWE-200,FALSE,5.3
CVE-2019-6977,CWE-119,TRUE,8.8
CVE-2019-6978,CWE-415,FALSE,9.8
CVE-2019-6979,CWE-79,FALSE,6.1
CVE-2019-6982,CWE-787,FALSE,5.5
CVE-2019-6983,CWE-190,FALSE,6.5
CVE-2019-6984,CWE-416,FALSE,6.5
CVE-2019-6985,CWE-125,FALSE,8.8
CVE-2019-6986,CWE-20,FALSE,7.5
CVE-2019-6988,CWE-400,FALSE,6.5
CVE-2019-6990,CWE-79,FALSE,5.4
CVE-2019-6991,CWE-119,TRUE,9.8
CVE-2019-6992,CWE-79,FALSE,6.1
CVE-2019-7001,CWE-89,FALSE,8.8
CVE-2019-7006,CWE-310,FALSE,5.5
CVE-2019-7139,CWE-89,FALSE,9.8
CVE-2019-7146,CWE-119,TRUE,5.5
CVE-2019-7147,CWE-119,TRUE,5.5
CVE-2019-7148,CWE-119,TRUE,6.5
CVE-2019-7149,CWE-125,FALSE,6.5
CVE-2019-7150,CWE-125,FALSE,5.5
CVE-2019-7151,CWE-476,FALSE,6.5
CVE-2019-7152,CWE-125,FALSE,6.5
CVE-2019-7153,CWE-476,FALSE,6.5
CVE-2019-7154,CWE-119,TRUE,6.5
CVE-2019-7155,CWE-284,FALSE,6.5
CVE-2019-7156,CWE-369,FALSE,6.5
CVE-2019-7160,CWE-22,FALSE,9.8
CVE-2019-7161,CWE-326,FALSE,7.5
CVE-2019-7164,CWE-89,FALSE,9.8
CVE-2019-7167,CWE-20,FALSE,7.5
CVE-2019-7168,CWE-79,FALSE,4.8
CVE-2019-7169,CWE-79,FALSE,4.8
CVE-2019-7170,CWE-79,FALSE,4.8
CVE-2019-7171,CWE-79,FALSE,4.8
CVE-2019-7172,CWE-79,FALSE,6.1
CVE-2019-7173,CWE-79,FALSE,4.8
CVE-2019-7174,CWE-20,FALSE,9.8
CVE-2019-7175,CWE-399,FALSE,7.5
CVE-2019-7211,CWE-79,FALSE,6.1
CVE-2019-7212,CWE-798,FALSE,8.2
CVE-2019-7213,CWE-22,FALSE,6.5
CVE-2019-7214,CWE-824,FALSE,9.8
CVE-2019-7216,CWE-20,FALSE,7.8
CVE-2019-7219,CWE-79,FALSE,6.1
CVE-2019-7221,CWE-416,FALSE,7.8
CVE-2019-7222,CWE-200,FALSE,5.5
CVE-2019-7223,CWE-79,FALSE,5.4
CVE-2019-7233,CWE-476,FALSE,8.8
CVE-2019-7234,CWE-22,FALSE,9.1
CVE-2019-7235,CWE-22,FALSE,7.5
CVE-2019-7236,CWE-22,FALSE,7.5
CVE-2019-7237,CWE-22,FALSE,7.5
CVE-2019-7238,CWE-284,FALSE,9.8
CVE-2019-7249,CWE-264,FALSE,9.8
CVE-2019-7250,CWE-79,FALSE,6.1
CVE-2019-7251,CWE-190,FALSE,6.5
CVE-2019-7282,CWE-264,FALSE,5.9
CVE-2019-7283,CWE-20,FALSE,5.9
CVE-2019-7295,CWE-79,FALSE,6.1
CVE-2019-7296,CWE-79,FALSE,6.1
CVE-2019-7297,CWE-78,FALSE,9.8
CVE-2019-7298,CWE-78,FALSE,8.1
CVE-2019-7299,CWE-79,FALSE,6.1
CVE-2019-7300,CWE-77,FALSE,7.2
CVE-2019-7301,CWE-77,FALSE,7.2
CVE-2019-7303,CWE-264,FALSE,7.5
CVE-2019-7304,CWE-20,FALSE,9.8
CVE-2019-7308,CWE-189,FALSE,5.6
CVE-2019-7309,CWE-119,TRUE,5.5
CVE-2019-7310,CWE-125,FALSE,8.8
CVE-2019-7312,CWE-200,FALSE,5.3
CVE-2019-7313,CWE-93,FALSE,6.1
CVE-2019-7314,CWE-416,FALSE,9.8
CVE-2019-7316,CWE-89,FALSE,9.8
CVE-2019-7317,CWE-416,FALSE,5.3
CVE-2019-7323,CWE-20,FALSE,7.5
CVE-2019-7324,CWE-79,FALSE,6.1
CVE-2019-7325,CWE-79,FALSE,6.1
CVE-2019-7326,CWE-79,FALSE,6.1
CVE-2019-7327,CWE-79,FALSE,6.1
CVE-2019-7328,CWE-79,FALSE,6.1
CVE-2019-7329,CWE-79,FALSE,6.1
CVE-2019-7330,CWE-79,FALSE,6.1
CVE-2019-7331,CWE-79,FALSE,6.1
CVE-2019-7332,CWE-79,FALSE,6.1
CVE-2019-7333,CWE-79,FALSE,6.1
CVE-2019-7334,CWE-79,FALSE,6.1
CVE-2019-7335,CWE-79,FALSE,6.1
CVE-2019-7336,CWE-79,FALSE,6.1
CVE-2019-7337,CWE-79,FALSE,4.8
CVE-2019-7338,CWE-79,FALSE,6.1
CVE-2019-7339,CWE-79,FALSE,6.1
CVE-2019-7340,CWE-79,FALSE,6.1
CVE-2019-7341,CWE-79,FALSE,6.1
CVE-2019-7342,CWE-79,FALSE,6.1
CVE-2019-7343,CWE-79,FALSE,6.1
CVE-2019-7344,CWE-79,FALSE,6.1
CVE-2019-7345,CWE-79,FALSE,4.8
CVE-2019-7346,CWE-352,FALSE,8.8
CVE-2019-7347,CWE-362,FALSE,7.5
CVE-2019-7348,CWE-79,FALSE,6.1
CVE-2019-7349,CWE-79,FALSE,6.1
CVE-2019-7350,CWE-384,FALSE,7.3
CVE-2019-7351,CWE-74,FALSE,6.5
CVE-2019-7352,CWE-79,FALSE,6.1
CVE-2019-7358,CWE-119,TRUE,7.8
CVE-2019-7359,CWE-119,TRUE,7.8
CVE-2019-7360,CWE-416,FALSE,7.8
CVE-2019-7361,CWE-502,FALSE,7.8
CVE-2019-7383,CWE-77,FALSE,7.8
CVE-2019-7384,CWE-77,FALSE,7.8
CVE-2019-7385,CWE-77,FALSE,7.8
CVE-2019-7386,CWE-119,TRUE,6.5
CVE-2019-7387,CWE-22,FALSE,6.5
CVE-2019-7388,CWE-284,FALSE,7.5
CVE-2019-7389,CWE-284,FALSE,7.5
CVE-2019-7390,CWE-284,FALSE,8.6
CVE-2019-7391,CWE-352,FALSE,8.8
CVE-2019-7392,CWE-287,FALSE,9.1
CVE-2019-7395,CWE-399,FALSE,7.5
CVE-2019-7396,CWE-399,FALSE,7.5
CVE-2019-7397,CWE-399,FALSE,7.5
CVE-2019-7398,CWE-399,FALSE,7.5
CVE-2019-7399,CWE-284,FALSE,7.4
CVE-2019-7400,CWE-79,FALSE,6.1
CVE-2019-7401,CWE-119,TRUE,9.8
CVE-2019-7402,CWE-79,FALSE,6.1
CVE-2019-7403,CWE-284,FALSE,4.9
CVE-2019-7412,CWE-20,FALSE,9.8
CVE-2019-7413,CWE-79,FALSE,6.1
CVE-2019-7416,"CWE-79, CWE-601",FALSE,6.1
CVE-2019-7417,CWE-79,FALSE,6.1
CVE-2019-7418,CWE-79,FALSE,6.1
CVE-2019-7419,CWE-79,FALSE,6.1
CVE-2019-7420,CWE-79,FALSE,6.1
CVE-2019-7421,CWE-79,FALSE,6.1
CVE-2019-7422,CWE-79,FALSE,6.1
CVE-2019-7423,CWE-79,FALSE,6.1
CVE-2019-7424,CWE-79,FALSE,6.1
CVE-2019-7425,CWE-79,FALSE,6.1
CVE-2019-7429,CWE-22,FALSE,6.5
CVE-2019-7430,CWE-74,FALSE,5.3
CVE-2019-7431,CWE-22,FALSE,6.5
CVE-2019-7432,CWE-74,FALSE,5.4
CVE-2019-7433,CWE-352,FALSE,8.8
CVE-2019-7434,CWE-22,FALSE,6.5
CVE-2019-7435,CWE-74,FALSE,5.3
CVE-2019-7436,CWE-22,FALSE,6.5
CVE-2019-7437,CWE-79,FALSE,6.1
CVE-2019-7438,CWE-79,FALSE,6.1
CVE-2019-7439,CWE-400,FALSE,6.5
CVE-2019-7440,CWE-352,FALSE,6.5
CVE-2019-7441,CWE-20,FALSE,6.5
CVE-2019-7474,CWE-284,FALSE,6.5
CVE-2019-7475,CWE-284,FALSE,9.8
CVE-2019-7476,CWE-320,FALSE,8.1
CVE-2019-7477,CWE-327,FALSE,7.5
CVE-2019-7524,CWE-119,TRUE,7.8
CVE-2019-7535,CWE-200,FALSE,5.3
CVE-2019-7537,CWE-77,FALSE,9.8
CVE-2019-7539,CWE-94,FALSE,8.8
CVE-2019-7543,CWE-79,FALSE,6.1
CVE-2019-7544,CWE-79,FALSE,5.4
CVE-2019-7545,CWE-79,FALSE,5.4
CVE-2019-7546,CWE-79,FALSE,6.1
CVE-2019-7547,CWE-79,FALSE,4.8
CVE-2019-7548,CWE-89,FALSE,7.8
CVE-2019-7550,CWE-20,FALSE,5.3
CVE-2019-7551,CWE-79,FALSE,9
CVE-2019-7559,CWE-787,FALSE,5.5
CVE-2019-7560,CWE-416,FALSE,5.5
CVE-2019-7566,CWE-352,FALSE,8.8
CVE-2019-7567,CWE-79,FALSE,6.1
CVE-2019-7568,CWE-89,FALSE,9.8
CVE-2019-7569,CWE-352,FALSE,8.8
CVE-2019-7570,CWE-352,FALSE,6.5
CVE-2019-7572,CWE-125,FALSE,8.8
CVE-2019-7573,CWE-125,FALSE,8.8
CVE-2019-7574,CWE-125,FALSE,8.8
CVE-2019-7575,CWE-119,TRUE,8.8
CVE-2019-7576,CWE-125,FALSE,8.8
CVE-2019-7577,CWE-125,FALSE,8.8
CVE-2019-7578,CWE-125,FALSE,8.8
CVE-2019-7580,CWE-94,FALSE,8.8
CVE-2019-7581,CWE-119,TRUE,8.8
CVE-2019-7582,CWE-119,TRUE,8.8
CVE-2019-7585,CWE-89,FALSE,9.8
CVE-2019-7587,CWE-89,FALSE,9.8
CVE-2019-7608,CWE-79,FALSE,6.1
CVE-2019-7609,CWE-77,FALSE,10
CVE-2019-7610,CWE-77,FALSE,9
CVE-2019-7611,CWE-275,FALSE,8.1
CVE-2019-7612,CWE-255,FALSE,9.8
CVE-2019-7613,CWE-20,FALSE,7.5
CVE-2019-7628,CWE-200,FALSE,5.9
CVE-2019-7629,CWE-119,TRUE,9.8
CVE-2019-7632,CWE-78,FALSE,8.8
CVE-2019-7635,CWE-125,FALSE,8.8
CVE-2019-7636,CWE-125,FALSE,8.8
CVE-2019-7637,CWE-119,TRUE,8.8
CVE-2019-7638,CWE-125,FALSE,8.8
CVE-2019-7639,CWE-255,FALSE,8.1
CVE-2019-7642,CWE-287,FALSE,7.5
CVE-2019-7644,CWE-287,FALSE,9.8
CVE-2019-7646,CWE-79,FALSE,4.8
CVE-2019-7648,CWE-255,FALSE,7.5
CVE-2019-7649,CWE-326,FALSE,7.5
CVE-2019-7651,CWE-264,FALSE,7.5
CVE-2019-7653,CWE-94,FALSE,9.8
CVE-2019-7659,CWE-119,TRUE,8.1
CVE-2019-7660,CWE-79,FALSE,6.1
CVE-2019-7661,CWE-79,FALSE,6.1
CVE-2019-7662,CWE-20,FALSE,6.5
CVE-2019-7663,CWE-119,TRUE,6.5
CVE-2019-7664,CWE-119,TRUE,5.5
CVE-2019-7665,CWE-119,TRUE,5.5
CVE-2019-7673,CWE-200,FALSE,7.5
CVE-2019-7674,CWE-255,FALSE,9.8
CVE-2019-7675,CWE-287,FALSE,7.5
CVE-2019-7676,CWE-255,FALSE,7.2
CVE-2019-7677,CWE-79,FALSE,6.1
CVE-2019-7678,CWE-22,FALSE,9.8
CVE-2019-7684,CWE-434,FALSE,9.8
CVE-2019-7692,CWE-20,FALSE,9.8
CVE-2019-7693,CWE-79,FALSE,6.1
CVE-2019-7697,CWE-20,FALSE,6.5
CVE-2019-7698,CWE-400,FALSE,6.5
CVE-2019-7699,CWE-119,TRUE,6.5
CVE-2019-7700,CWE-125,FALSE,6.5
CVE-2019-7701,CWE-125,FALSE,6.5
CVE-2019-7702,CWE-476,FALSE,6.5
CVE-2019-7703,CWE-416,FALSE,6.5
CVE-2019-7704,CWE-400,FALSE,6.5
CVE-2019-7711,CWE-20,FALSE,7.5
CVE-2019-7712,CWE-20,FALSE,7.5
CVE-2019-7713,CWE-119,TRUE,9.8
CVE-2019-7714,CWE-119,TRUE,9.8
CVE-2019-7715,CWE-134,FALSE,7.5
CVE-2019-7718,CWE-362,FALSE,8.1
CVE-2019-7719,CWE-94,FALSE,9.8
CVE-2019-7720,CWE-94,FALSE,9.8
CVE-2019-7721,CWE-434,FALSE,7.5
CVE-2019-7722,CWE-611,FALSE,8.1
CVE-2019-7727,CWE-264,FALSE,9.8
CVE-2019-7728,CWE-295,FALSE,7.5
CVE-2019-7729,CWE-264,FALSE,3.3
CVE-2019-7730,CWE-352,FALSE,5.7
CVE-2019-7731,CWE-94,FALSE,9.8
CVE-2019-7732,CWE-399,FALSE,7.5
CVE-2019-7733,CWE-190,FALSE,7.5
CVE-2019-7736,CWE-287,FALSE,9.8
CVE-2019-7737,CWE-352,FALSE,8.8
CVE-2019-7738,CWE-352,FALSE,6.5
CVE-2019-7739,CWE-20,FALSE,6.1
CVE-2019-7740,CWE-79,FALSE,6.1
CVE-2019-7741,CWE-79,FALSE,6.1
CVE-2019-7742,CWE-79,FALSE,6.1
CVE-2019-7743,CWE-74,FALSE,9.8
CVE-2019-7744,CWE-79,FALSE,6.1
CVE-2019-7747,CWE-384,FALSE,9.6
CVE-2019-7748,CWE-79,FALSE,6.1
CVE-2019-7753,CWE-79,FALSE,6.1
CVE-2019-8258,CWE-119,TRUE,9.8
CVE-2019-8259,CWE-399,FALSE,7.5
CVE-2019-8260,CWE-125,FALSE,9.8
CVE-2019-8261,CWE-125,FALSE,9.8
CVE-2019-8262,CWE-119,TRUE,9.8
CVE-2019-8263,CWE-119,TRUE,6.5
CVE-2019-8264,"CWE-125, CWE-787",FALSE,9.8
CVE-2019-8265,"CWE-125, CWE-787",FALSE,9.8
CVE-2019-8266,"CWE-125, CWE-787",FALSE,9.8
CVE-2019-8267,CWE-125,FALSE,7.5
CVE-2019-8268,CWE-682,FALSE,9.8
CVE-2019-8269,CWE-119,TRUE,7.5
CVE-2019-8270,CWE-125,FALSE,7.5
CVE-2019-8271,CWE-119,TRUE,9.8
CVE-2019-8272,CWE-682,FALSE,9.8
CVE-2019-8273,CWE-119,TRUE,9.8
CVE-2019-8274,CWE-119,TRUE,9.8
CVE-2019-8275,CWE-284,FALSE,9.8
CVE-2019-8276,CWE-119,TRUE,7.5
CVE-2019-8277,CWE-399,FALSE,7.5
CVE-2019-8278,CWE-79,FALSE,6.1
CVE-2019-8279,CWE-79,FALSE,5.4
CVE-2019-8280,"CWE-125, CWE-787",FALSE,9.8
CVE-2019-8308,CWE-20,FALSE,8.2
CVE-2019-8312,CWE-77,FALSE,8.8
CVE-2019-8313,CWE-77,FALSE,8.8
CVE-2019-8314,CWE-77,FALSE,8.8
CVE-2019-8315,CWE-77,FALSE,8.8
CVE-2019-8316,CWE-77,FALSE,8.8
CVE-2019-8317,CWE-77,FALSE,8.8
CVE-2019-8318,CWE-77,FALSE,8.8
CVE-2019-8319,CWE-77,FALSE,8.8
CVE-2019-8331,CWE-79,FALSE,6.1
CVE-2019-8334,CWE-79,FALSE,6.1
CVE-2019-8335,CWE-79,FALSE,6.1
CVE-2019-8336,CWE-264,FALSE,8.1
CVE-2019-8337,CWE-295,FALSE,5.3
CVE-2019-8341,CWE-94,FALSE,9.8
CVE-2019-8343,CWE-416,FALSE,7.8
CVE-2019-8345,CWE-601,FALSE,4.2
CVE-2019-8347,CWE-352,FALSE,8.8
CVE-2019-8351,CWE-295,FALSE,9.1
CVE-2019-8354,CWE-190,FALSE,5
CVE-2019-8355,CWE-190,FALSE,5.5
CVE-2019-8356,CWE-119,TRUE,5.5
CVE-2019-8357,CWE-476,FALSE,5.5
CVE-2019-8358,CWE-22,FALSE,8.1
CVE-2019-8360,CWE-89,FALSE,9.8
CVE-2019-8361,CWE-79,FALSE,6.1
CVE-2019-8362,CWE-434,FALSE,7.5
CVE-2019-8363,CWE-79,FALSE,6.1
CVE-2019-8372,CWE-59,FALSE,7
CVE-2019-8375,CWE-119,TRUE,9.8
CVE-2019-8376,CWE-476,FALSE,7.8
CVE-2019-8377,CWE-476,FALSE,7.8
CVE-2019-8378,CWE-125,FALSE,8.8
CVE-2019-8379,CWE-476,FALSE,7.8
CVE-2019-8380,CWE-476,FALSE,8.8
CVE-2019-8381,CWE-119,TRUE,7.8
CVE-2019-8382,CWE-476,FALSE,8.8
CVE-2019-8383,CWE-119,TRUE,7.8
CVE-2019-8389,CWE-200,FALSE,8.1
CVE-2019-8392,CWE-284,FALSE,7.5
CVE-2019-8393,CWE-89,FALSE,9.8
CVE-2019-8394,CWE-434,FALSE,6.5
CVE-2019-8395,CWE-254,FALSE,9.8
CVE-2019-8396,CWE-119,TRUE,6.5
CVE-2019-8397,CWE-125,FALSE,6.5
CVE-2019-8398,CWE-125,FALSE,6.5
CVE-2019-8400,CWE-79,FALSE,6.1
CVE-2019-8407,CWE-22,FALSE,6.5
CVE-2019-8408,CWE-20,FALSE,4.9
CVE-2019-8410,CWE-79,FALSE,6.1
CVE-2019-8411,CWE-22,FALSE,7.5
CVE-2019-8412,CWE-22,FALSE,8.8
CVE-2019-8413,CWE-476,FALSE,5.5
CVE-2019-8418,CWE-255,FALSE,8.8
CVE-2019-8419,CWE-79,FALSE,6.1
CVE-2019-8421,CWE-89,FALSE,7.2
CVE-2019-8422,CWE-89,FALSE,7.2
CVE-2019-8423,CWE-89,FALSE,9.8
CVE-2019-8424,CWE-89,FALSE,9.8
CVE-2019-8425,CWE-79,FALSE,6.1
CVE-2019-8426,CWE-79,FALSE,6.1
CVE-2019-8427,CWE-77,FALSE,9.8
CVE-2019-8428,CWE-89,FALSE,9.8
CVE-2019-8429,CWE-89,FALSE,9.8
CVE-2019-8432,CWE-79,FALSE,6.1
CVE-2019-8433,CWE-434,FALSE,7.5
CVE-2019-8434,CWE-79,FALSE,6.1
CVE-2019-8435,CWE-79,FALSE,4.8
CVE-2019-8436,CWE-79,FALSE,5.4
CVE-2019-8437,CWE-352,FALSE,8.8
CVE-2019-8438,CWE-79,FALSE,4.8
CVE-2019-8439,CWE-79,FALSE,5.4
CVE-2019-8440,CWE-79,FALSE,4.8
CVE-2019-8452,CWE-275,FALSE,7.8
CVE-2019-8453,CWE-426,FALSE,5.5
CVE-2019-8454,CWE-264,FALSE,7.8
CVE-2019-8455,CWE-275,FALSE,7.1
CVE-2019-8456,CWE-264,FALSE,5.9
CVE-2019-8902,CWE-352,FALSE,5.7
CVE-2019-8903,CWE-22,FALSE,7.5
CVE-2019-8904,CWE-125,FALSE,8.8
CVE-2019-8905,CWE-125,FALSE,8.8
CVE-2019-8906,CWE-125,FALSE,8.8
CVE-2019-8907,CWE-119,TRUE,8.8
CVE-2019-8908,CWE-94,FALSE,9.8
CVE-2019-8909,CWE-400,FALSE,7.5
CVE-2019-8910,CWE-352,FALSE,8.8
CVE-2019-8911,CWE-79,FALSE,6.1
CVE-2019-8912,CWE-416,FALSE,7.8
CVE-2019-8917,CWE-264,FALSE,9.8
CVE-2019-8919,CWE-326,FALSE,7.5
CVE-2019-8933,CWE-434,FALSE,8.8
CVE-2019-8934,CWE-19,FALSE,3.3
CVE-2019-8935,CWE-79,FALSE,5.4
CVE-2019-8938,CWE-79,FALSE,6.1
CVE-2019-8939,CWE-79,FALSE,6.1
CVE-2019-8942,CWE-94,FALSE,8.8
CVE-2019-8943,CWE-22,FALSE,6.5
CVE-2019-8944,CWE-200,FALSE,6.5
CVE-2019-8948,CWE-74,FALSE,9.8
CVE-2019-8950,CWE-255,FALSE,9.8
CVE-2019-8953,CWE-79,FALSE,6.1
CVE-2019-8954,CWE-20,FALSE,8.8
CVE-2019-8955,CWE-400,FALSE,7.5
CVE-2019-8956,CWE-416,FALSE,7.8
CVE-2019-8979,CWE-89,FALSE,9.8
CVE-2019-8980,CWE-399,FALSE,7.5
CVE-2019-8981,CWE-119,TRUE,9.8
CVE-2019-8982,CWE-918,FALSE,9.6
CVE-2019-8983,CWE-79,FALSE,6.1
CVE-2019-8984,CWE-79,FALSE,6.1
CVE-2019-8985,CWE-119,TRUE,9.8
CVE-2019-8986,CWE-200,FALSE,6.5
CVE-2019-8987,CWE-79,FALSE,5.4
CVE-2019-8988,CWE-264,FALSE,6.5
CVE-2019-8989,CWE-20,FALSE,4.3
CVE-2019-8990,CWE-287,FALSE,8.1
CVE-2019-8991,CWE-352,FALSE,8.8
CVE-2019-8992,CWE-434,FALSE,8.8
CVE-2019-8993,CWE-284,FALSE,9.8
CVE-2019-8994,CWE-284,FALSE,4.6
CVE-2019-8995,CWE-601,FALSE,6.1
CVE-2019-8996,CWE-119,TRUE,9.8
CVE-2019-8997,CWE-611,FALSE,5.9
CVE-2019-8999,CWE-611,FALSE,7.5
CVE-2019-9002,CWE-94,FALSE,9.8
CVE-2019-9003,CWE-416,FALSE,7.5
CVE-2019-9004,CWE-399,FALSE,7.5
CVE-2019-9005,CWE-22,FALSE,6.5
CVE-2019-9015,CWE-22,FALSE,9.1
CVE-2019-9016,CWE-79,FALSE,6.1
CVE-2019-9017,CWE-119,TRUE,7.5
CVE-2019-9019,CWE-119,TRUE,6.8
CVE-2019-9020,"CWE-125, CWE-416",FALSE,9.8
CVE-2019-9021,CWE-125,FALSE,9.8
CVE-2019-9022,CWE-125,FALSE,7.5
CVE-2019-9023,CWE-125,FALSE,9.8
CVE-2019-9024,CWE-125,FALSE,7.5
CVE-2019-9025,CWE-119,TRUE,9.8
CVE-2019-9026,CWE-119,TRUE,7.5
CVE-2019-9027,CWE-119,TRUE,7.5
CVE-2019-9028,CWE-125,FALSE,9.1
CVE-2019-9029,CWE-125,FALSE,7.5
CVE-2019-9030,CWE-125,FALSE,9.1
CVE-2019-9031,CWE-476,FALSE,7.5
CVE-2019-9032,CWE-787,FALSE,7.5
CVE-2019-9033,CWE-125,FALSE,9.1
CVE-2019-9034,CWE-125,FALSE,9.1
CVE-2019-9035,CWE-125,FALSE,9.1
CVE-2019-9036,CWE-119,TRUE,7.5
CVE-2019-9037,CWE-125,FALSE,9.1
CVE-2019-9038,CWE-125,FALSE,7.5
CVE-2019-9040,CWE-352,FALSE,8.8
CVE-2019-9041,CWE-94,FALSE,7.2
CVE-2019-9042,CWE-434,FALSE,7.2
CVE-2019-9047,CWE-89,FALSE,9.8
CVE-2019-9048,CWE-352,FALSE,6.5
CVE-2019-9049,CWE-352,FALSE,6.5
CVE-2019-9050,CWE-434,FALSE,7.2
CVE-2019-9051,CWE-352,FALSE,6.5
CVE-2019-9052,CWE-352,FALSE,6.5
CVE-2019-9053,CWE-89,FALSE,8.1
CVE-2019-9055,CWE-74,FALSE,8.8
CVE-2019-9056,CWE-74,FALSE,8.8
CVE-2019-9057,CWE-94,FALSE,8.8
CVE-2019-9058,CWE-94,FALSE,7.2
CVE-2019-9059,CWE-77,FALSE,7.2
CVE-2019-9061,CWE-94,FALSE,8.8
CVE-2019-9062,CWE-352,FALSE,8
CVE-2019-9063,CWE-20,FALSE,6.5
CVE-2019-9064,CWE-22,FALSE,5.3
CVE-2019-9065,CWE-20,FALSE,6.5
CVE-2019-9066,CWE-79,FALSE,5.4
CVE-2019-9070,CWE-125,FALSE,7.8
CVE-2019-9071,CWE-399,FALSE,5.5
CVE-2019-9072,CWE-399,FALSE,5.5
CVE-2019-9073,CWE-399,FALSE,5.5
CVE-2019-9074,CWE-125,FALSE,5.5
CVE-2019-9075,CWE-119,TRUE,7.8
CVE-2019-9076,CWE-399,FALSE,5.5
CVE-2019-9077,CWE-119,TRUE,7.8
CVE-2019-9078,CWE-79,FALSE,5.4
CVE-2019-9081,CWE-502,FALSE,9.8
CVE-2019-9082,CWE-20,FALSE,9.8
CVE-2019-9083,CWE-89,FALSE,9.8
CVE-2019-9093,CWE-79,FALSE,6.1
CVE-2019-9094,CWE-79,FALSE,6.1
CVE-2019-9107,CWE-79,FALSE,6.1
CVE-2019-9108,CWE-79,FALSE,6.1
CVE-2019-9109,CWE-79,FALSE,6.1
CVE-2019-9110,CWE-79,FALSE,6.1
CVE-2019-9111,CWE-190,FALSE,5.5
CVE-2019-9112,CWE-190,FALSE,5.5
CVE-2019-9113,CWE-476,FALSE,8.8
CVE-2019-9114,CWE-787,FALSE,8.8
CVE-2019-9115,CWE-20,FALSE,9.8
CVE-2019-9116,CWE-426,FALSE,7.8
CVE-2019-9117,CWE-78,FALSE,9.8
CVE-2019-9118,CWE-78,FALSE,9.8
CVE-2019-9119,CWE-78,FALSE,9.8
CVE-2019-9120,CWE-78,FALSE,9.8
CVE-2019-9121,CWE-77,FALSE,9.8
CVE-2019-9122,CWE-77,FALSE,8.8
CVE-2019-9123,CWE-287,FALSE,9.8
CVE-2019-9124,CWE-255,FALSE,9.8
CVE-2019-9125,CWE-119,TRUE,9.8
CVE-2019-9126,CWE-264,FALSE,7.5
CVE-2019-9132,CWE-20,FALSE,8.8
CVE-2019-9133,CWE-191,FALSE,5.5
CVE-2019-9134,CWE-119,TRUE,9.8
CVE-2019-9135,CWE-119,TRUE,7.8
CVE-2019-9136,CWE-119,TRUE,7.8
CVE-2019-9137,CWE-190,FALSE,7.8
CVE-2019-9138,CWE-190,FALSE,7.8
CVE-2019-9139,CWE-190,FALSE,7.8
CVE-2019-9142,CWE-79,FALSE,6.1
CVE-2019-9143,CWE-400,FALSE,8.8
CVE-2019-9144,CWE-400,FALSE,8.8
CVE-2019-9145,CWE-79,FALSE,6.1
CVE-2019-9146,CWE-254,FALSE,7.5
CVE-2019-9151,CWE-125,FALSE,8.8
CVE-2019-9152,CWE-125,FALSE,8.8
CVE-2019-9160,CWE-798,FALSE,9.8
CVE-2019-9161,CWE-77,FALSE,9.8
CVE-2019-9162,CWE-129,FALSE,7.8
CVE-2019-9164,CWE-77,FALSE,8.8
CVE-2019-9165,CWE-89,FALSE,9.8
CVE-2019-9166,CWE-264,FALSE,7.8
CVE-2019-9167,CWE-79,FALSE,6.1
CVE-2019-9168,CWE-79,FALSE,6.1
CVE-2019-9169,CWE-125,FALSE,9.8
CVE-2019-9170,CWE-284,FALSE,5.3
CVE-2019-9171,CWE-200,FALSE,3.7
CVE-2019-9172,CWE-200,FALSE,5.9
CVE-2019-9174,CWE-918,FALSE,10
CVE-2019-9175,CWE-200,FALSE,5.3
CVE-2019-9176,CWE-352,FALSE,6.5
CVE-2019-9178,CWE-200,FALSE,5.3
CVE-2019-9179,CWE-200,FALSE,3.7
CVE-2019-9181,CWE-434,FALSE,7.2
CVE-2019-9182,CWE-352,FALSE,8.8
CVE-2019-9184,CWE-89,FALSE,9.8
CVE-2019-9185,CWE-434,FALSE,8.8
CVE-2019-9191,CWE-310,FALSE,5.9
CVE-2019-9192,CWE-399,FALSE,7.5
CVE-2019-9193,CWE-78,FALSE,7.2
CVE-2019-9194,CWE-77,FALSE,9.8
CVE-2019-9195,CWE-22,FALSE,9.8
CVE-2019-9199,CWE-476,FALSE,8.8
CVE-2019-9200,CWE-787,FALSE,8.8
CVE-2019-9201,CWE-287,FALSE,9.8
CVE-2019-9202,CWE-254,FALSE,8.8
CVE-2019-9203,CWE-285,FALSE,9.8
CVE-2019-9204,CWE-89,FALSE,9.8
CVE-2019-9208,CWE-476,FALSE,7.5
CVE-2019-9209,CWE-119,TRUE,7.5
CVE-2019-9210,CWE-190,FALSE,7.8
CVE-2019-9211,CWE-20,FALSE,6.5
CVE-2019-9212,"CWE-502, CWE-184",FALSE,9.8
CVE-2019-9213,CWE-476,FALSE,5.5
CVE-2019-9214,CWE-476,FALSE,7.5
CVE-2019-9215,CWE-20,FALSE,9.8
CVE-2019-9217,CWE-254,FALSE,9.8
CVE-2019-9219,CWE-284,FALSE,3.7
CVE-2019-9220,CWE-399,FALSE,7.5
CVE-2019-9222,CWE-22,FALSE,8.1
CVE-2019-9223,CWE-200,FALSE,7.5
CVE-2019-9224,CWE-284,FALSE,5.3
CVE-2019-9225,CWE-284,FALSE,5.3
CVE-2019-9226,CWE-79,FALSE,6.1
CVE-2019-9227,CWE-94,FALSE,9.8
CVE-2019-9482,CWE-200,FALSE,5.3
CVE-2019-9483,CWE-326,FALSE,9.1
CVE-2019-9484,CWE-255,FALSE,7.5
CVE-2019-9486,CWE-284,FALSE,8.8
CVE-2019-9489,CWE-22,FALSE,7.5
CVE-2019-9490,CWE-255,FALSE,8.8
CVE-2019-9494,CWE-200,FALSE,5.9
CVE-2019-9495,CWE-327,FALSE,3.7
CVE-2019-9496,CWE-287,FALSE,7.5
CVE-2019-9497,CWE-287,FALSE,8.1
CVE-2019-9498,CWE-264,FALSE,8.1
CVE-2019-9499,CWE-264,FALSE,8.1
CVE-2019-9543,CWE-20,FALSE,8.8
CVE-2019-9544,CWE-787,FALSE,8.8
CVE-2019-9545,CWE-20,FALSE,8.8
CVE-2019-9546,CWE-264,FALSE,9.8
CVE-2019-9547,CWE-20,FALSE,5.3
CVE-2019-9549,CWE-352,FALSE,8.8
CVE-2019-9550,CWE-79,FALSE,4.8
CVE-2019-9551,CWE-79,FALSE,4.8
CVE-2019-9552,CWE-22,FALSE,9.8
CVE-2019-9555,CWE-254,FALSE,5.3
CVE-2019-9557,CWE-79,FALSE,6.1
CVE-2019-9558,CWE-79,FALSE,6.1
CVE-2019-9563,CWE-19,FALSE,7.5
CVE-2019-9565,CWE-284,FALSE,9.1
CVE-2019-9566,CWE-89,FALSE,9.8
CVE-2019-9567,CWE-79,FALSE,6.1
CVE-2019-9568,CWE-89,FALSE,6.5
CVE-2019-9570,CWE-79,FALSE,4.8
CVE-2019-9572,CWE-434,FALSE,7.2
CVE-2019-9573,CWE-19,FALSE,7.5
CVE-2019-9574,CWE-264,FALSE,7.5
CVE-2019-9575,CWE-79,FALSE,6.1
CVE-2019-9576,CWE-79,FALSE,6.1
CVE-2019-9578,CWE-119,TRUE,7.5
CVE-2019-9580,CWE-79,FALSE,6.1
CVE-2019-9581,CWE-434,FALSE,9.8
CVE-2019-9587,CWE-400,FALSE,7.8
CVE-2019-9588,CWE-119,TRUE,7.8
CVE-2019-9589,CWE-476,FALSE,7.8
CVE-2019-9590,CWE-20,FALSE,7.5
CVE-2019-9591,CWE-79,FALSE,6.1
CVE-2019-9592,CWE-79,FALSE,6.1
CVE-2019-9593,CWE-79,FALSE,6.1
CVE-2019-9594,CWE-89,FALSE,9.8
CVE-2019-9595,CWE-79,FALSE,6.1
CVE-2019-9598,CWE-352,FALSE,6.5
CVE-2019-9599,CWE-20,FALSE,7.5
CVE-2019-9600,CWE-20,FALSE,7.5
CVE-2019-9601,CWE-20,FALSE,7.5
CVE-2019-9603,CWE-352,FALSE,6.5
CVE-2019-9604,CWE-352,FALSE,8.8
CVE-2019-9605,CWE-79,FALSE,5.4
CVE-2019-9606,CWE-79,FALSE,5.4
CVE-2019-9607,CWE-22,FALSE,5.3
CVE-2019-9608,CWE-434,FALSE,8.8
CVE-2019-9609,CWE-434,FALSE,8.8
CVE-2019-9610,CWE-22,FALSE,4.3
CVE-2019-9611,CWE-22,FALSE,6.5
CVE-2019-9612,CWE-434,FALSE,8.8
CVE-2019-9613,CWE-434,FALSE,7.2
CVE-2019-9614,CWE-20,FALSE,8.8
CVE-2019-9615,CWE-89,FALSE,7.2
CVE-2019-9616,CWE-284,FALSE,7.2
CVE-2019-9617,CWE-434,FALSE,8.8
CVE-2019-9621,CWE-918,FALSE,7.5
CVE-2019-9622,CWE-22,FALSE,4.3
CVE-2019-9623,CWE-434,FALSE,9.8
CVE-2019-9624,CWE-264,FALSE,7.8
CVE-2019-9625,CWE-352,FALSE,8.8
CVE-2019-9626,CWE-89,FALSE,9.8
CVE-2019-9627,CWE-119,TRUE,7
CVE-2019-9628,CWE-20,FALSE,7.5
CVE-2019-9631,CWE-125,FALSE,9.8
CVE-2019-9632,CWE-254,FALSE,7.5
CVE-2019-9633,CWE-20,FALSE,6.5
CVE-2019-9634,CWE-74,FALSE,7.8
CVE-2019-9635,CWE-476,FALSE,6.5
CVE-2019-9636,CWE-255,FALSE,9.8
CVE-2019-9637,CWE-264,FALSE,7.5
CVE-2019-9638,CWE-119,TRUE,7.5
CVE-2019-9639,CWE-119,TRUE,7.5
CVE-2019-9640,CWE-119,TRUE,7.5
CVE-2019-9641,CWE-119,TRUE,9.8
CVE-2019-9644,CWE-79,FALSE,5.4
CVE-2019-9646,CWE-79,FALSE,6.1
CVE-2019-9648,CWE-22,FALSE,5.3
CVE-2019-9649,CWE-22,FALSE,5.3
CVE-2019-9650,CWE-79,FALSE,6.1
CVE-2019-9651,CWE-94,FALSE,9.8
CVE-2019-9652,CWE-352,FALSE,8.8
CVE-2019-9656,CWE-476,FALSE,8.8
CVE-2019-9658,CWE-254,FALSE,5.3
CVE-2019-9659,CWE-20,FALSE,9.1
CVE-2019-9660,CWE-79,FALSE,4.8
CVE-2019-9661,CWE-79,FALSE,4.8
CVE-2019-9662,CWE-284,FALSE,7.5
CVE-2019-9669,CWE-79,FALSE,6.1
CVE-2019-9675,CWE-119,TRUE,8.1
CVE-2019-9686,CWE-22,FALSE,9.8
CVE-2019-9687,CWE-119,TRUE,9.8
CVE-2019-9688,CWE-352,FALSE,8.8
CVE-2019-9692,CWE-434,FALSE,6.5
CVE-2019-9693,CWE-89,FALSE,8.8
CVE-2019-9694,CWE-264,FALSE,7.8
CVE-2019-9695,CWE-94,FALSE,6.8
CVE-2019-9696,CWE-79,FALSE,6.1
CVE-2019-9704,CWE-20,FALSE,5.5
CVE-2019-9705,CWE-400,FALSE,5.5
CVE-2019-9706,CWE-416,FALSE,5.5
CVE-2019-9710,CWE-362,FALSE,8.1
CVE-2019-9711,CWE-79,FALSE,6.1
CVE-2019-9712,CWE-79,FALSE,6.1
CVE-2019-9713,CWE-284,FALSE,7.5
CVE-2019-9714,CWE-79,FALSE,6.1
CVE-2019-9718,CWE-125,FALSE,6.5
CVE-2019-9721,CWE-125,FALSE,6.5
CVE-2019-9724,CWE-532,FALSE,7.5
CVE-2019-9725,CWE-79,FALSE,6.1
CVE-2019-9729,CWE-119,TRUE,7.8
CVE-2019-9733,CWE-284,FALSE,9.8
CVE-2019-9734,CWE-532,FALSE,7.5
CVE-2019-9735,CWE-254,FALSE,6.5
CVE-2019-9736,CWE-79,FALSE,6.1
CVE-2019-9737,CWE-79,FALSE,6.1
CVE-2019-9738,CWE-79,FALSE,6.1
CVE-2019-9740,CWE-93,FALSE,6.1
CVE-2019-9741,CWE-93,FALSE,6.1
CVE-2019-9742,CWE-254,FALSE,7.5
CVE-2019-9743,CWE-77,FALSE,8.8
CVE-2019-9744,CWE-384,FALSE,8.8
CVE-2019-9746,CWE-476,FALSE,7.5
CVE-2019-9747,CWE-20,FALSE,7.5
CVE-2019-9748,CWE-125,FALSE,9.1
CVE-2019-9749,CWE-20,FALSE,7.5
CVE-2019-9750,CWE-20,FALSE,9.1
CVE-2019-9751,CWE-79,FALSE,4.8
CVE-2019-9752,CWE-94,FALSE,8.8
CVE-2019-9754,CWE-787,FALSE,5.5
CVE-2019-9756,CWE-284,FALSE,9.8
CVE-2019-9759,CWE-89,FALSE,9.8
CVE-2019-9760,CWE-119,TRUE,9.8
CVE-2019-9761,CWE-611,FALSE,7.5
CVE-2019-9762,CWE-89,FALSE,9.8
CVE-2019-9764,CWE-254,FALSE,7.4
CVE-2019-9765,CWE-79,FALSE,6.1
CVE-2019-9766,CWE-119,TRUE,7.8
CVE-2019-9767,CWE-119,TRUE,7.8
CVE-2019-9768,CWE-264,FALSE,7.5
CVE-2019-9769,CWE-352,FALSE,8.8
CVE-2019-9770,CWE-119,TRUE,7.5
CVE-2019-9771,CWE-476,FALSE,7.5
CVE-2019-9772,CWE-476,FALSE,7.5
CVE-2019-9773,CWE-119,TRUE,7.5
CVE-2019-9774,CWE-125,FALSE,9.1
CVE-2019-9775,CWE-125,FALSE,9.1
CVE-2019-9776,CWE-476,FALSE,7.5
CVE-2019-9777,CWE-119,TRUE,7.5
CVE-2019-9778,CWE-119,TRUE,7.5
CVE-2019-9779,CWE-476,FALSE,7.5
CVE-2019-9785,CWE-20,FALSE,7.8
CVE-2019-9787,CWE-352,FALSE,8.8
CVE-2019-9788,CWE-119,TRUE,9.8
CVE-2019-9789,CWE-119,TRUE,9.8
CVE-2019-9790,CWE-416,FALSE,9.8
CVE-2019-9791,CWE-20,FALSE,9.8
CVE-2019-9792,CWE-119,TRUE,9.8
CVE-2019-9793,CWE-119,TRUE,5.9
CVE-2019-9794,CWE-20,FALSE,9.8
CVE-2019-9795,CWE-704,FALSE,9.8
CVE-2019-9796,CWE-416,FALSE,9.8
CVE-2019-9797,CWE-346,FALSE,5.3
CVE-2019-9798,CWE-254,FALSE,7.4
CVE-2019-9799,CWE-119,TRUE,7.5
CVE-2019-9801,CWE-20,FALSE,5.3
CVE-2019-9802,CWE-200,FALSE,7.5
CVE-2019-9803,CWE-346,FALSE,7.4
CVE-2019-9804,CWE-78,FALSE,9.8
CVE-2019-9805,CWE-119,TRUE,9.8
CVE-2019-9806,CWE-399,FALSE,7.5
CVE-2019-9807,CWE-20,FALSE,4.3
CVE-2019-9808,CWE-346,FALSE,5.3
CVE-2019-9809,CWE-399,FALSE,7.5
CVE-2019-9810,CWE-119,TRUE,8.8
CVE-2019-9813,CWE-704,FALSE,8.8
CVE-2019-9825,CWE-434,FALSE,9.8
CVE-2019-9826,CWE-20,FALSE,7.5
CVE-2019-9829,CWE-94,FALSE,8.8
CVE-2019-9831,CWE-20,FALSE,7.5
CVE-2019-9832,CWE-20,FALSE,7.5
CVE-2019-9833,CWE-20,FALSE,7.5
CVE-2019-9834,CWE-79,FALSE,6.1
CVE-2019-9835,CWE-284,FALSE,9.6
CVE-2019-9837,CWE-601,FALSE,6.1
CVE-2019-9841,CWE-79,FALSE,6.1
CVE-2019-9844,CWE-79,FALSE,6.1
CVE-2019-9845,CWE-20,FALSE,9.8
CVE-2019-9857,CWE-399,FALSE,5.5
CVE-2019-9860,CWE-332,FALSE,7.5
CVE-2019-9862,CWE-200,FALSE,6.5
CVE-2019-9863,CWE-326,FALSE,9.8
CVE-2019-9864,CWE-20,FALSE,6.5
CVE-2019-9867,CWE-255,FALSE,7.2
CVE-2019-9868,CWE-255,FALSE,7.2
CVE-2019-9870,CWE-19,FALSE,9.8
CVE-2019-9877,CWE-119,TRUE,7.8
CVE-2019-9878,CWE-119,TRUE,7.8
CVE-2019-9889,CWE-22,FALSE,2.7
CVE-2019-9890,CWE-275,FALSE,9.1
CVE-2019-9893,CWE-264,FALSE,9.8
CVE-2019-9894,CWE-320,FALSE,7.5
CVE-2019-9895,CWE-119,TRUE,9.8
CVE-2019-9896,CWE-20,FALSE,7.8
CVE-2019-9897,CWE-20,FALSE,7.5
CVE-2019-9898,CWE-327,FALSE,9.8
CVE-2019-9900,CWE-20,FALSE,8.3
CVE-2019-9901,CWE-284,FALSE,10
CVE-2019-9903,CWE-400,FALSE,6.5
CVE-2019-9904,CWE-400,FALSE,6.5
CVE-2019-9908,CWE-79,FALSE,6.1
CVE-2019-9909,CWE-79,FALSE,6.1
CVE-2019-9910,CWE-79,FALSE,6.1
CVE-2019-9911,CWE-79,FALSE,6.1
CVE-2019-9912,CWE-79,FALSE,6.1
CVE-2019-9913,CWE-79,FALSE,6.1
CVE-2019-9914,CWE-79,FALSE,6.1
CVE-2019-9915,CWE-601,FALSE,6.1
CVE-2019-9917,CWE-20,FALSE,6.5
CVE-2019-9918,CWE-89,FALSE,9.1
CVE-2019-9919,CWE-79,FALSE,5.4
CVE-2019-9920,CWE-264,FALSE,8.8
CVE-2019-9921,CWE-284,FALSE,6.5
CVE-2019-9922,CWE-22,FALSE,7.5
CVE-2019-9923,CWE-476,FALSE,7.5
CVE-2019-9924,CWE-20,FALSE,7.8
CVE-2019-9925,CWE-79,FALSE,6.1
CVE-2019-9927,CWE-20,FALSE,9.8
CVE-2019-9928,CWE-119,TRUE,8.8
CVE-2019-9936,CWE-125,FALSE,7.5
CVE-2019-9937,CWE-476,FALSE,7.5
CVE-2019-9938,CWE-200,FALSE,5.3
CVE-2019-9939,CWE-287,FALSE,8.8
CVE-2019-9942,CWE-200,FALSE,3.7
CVE-2019-9945,CWE-77,FALSE,9.8
CVE-2019-9946,CWE-254,FALSE,7.5
CVE-2019-9947,CWE-93,FALSE,6.1
CVE-2019-9948,CWE-254,FALSE,9.1
CVE-2019-9950,CWE-287,FALSE,9.8
CVE-2019-9951,CWE-434,FALSE,9.8
CVE-2019-9955,CWE-79,FALSE,6.1
CVE-2019-9956,CWE-119,TRUE,8.8
CVE-2019-9960,CWE-284,FALSE,9.8
CVE-2019-9961,CWE-79,FALSE,6.1
CVE-2019-9962,CWE-119,TRUE,7.8
CVE-2019-9963,CWE-119,TRUE,7.8
CVE-2019-9964,CWE-119,TRUE,7.8
CVE-2019-9965,CWE-119,TRUE,7.8
CVE-2019-9966,CWE-119,TRUE,7.8
CVE-2019-9967,CWE-119,TRUE,7.8
CVE-2019-9968,CWE-119,TRUE,7.8
CVE-2019-9969,CWE-119,TRUE,7.8
CVE-2019-9970,CWE-20,FALSE,6.5
CVE-2019-9974,CWE-285,FALSE,9.1
CVE-2019-9975,CWE-798,FALSE,7.5
CVE-2019-9976,CWE-255,FALSE,8.8
CVE-2019-9977,CWE-20,FALSE,8.8
CVE-2019-9978,CWE-79,FALSE,6.1